-- phpMyAdmin SQL Dump
-- version 5.1.1
-- https://www.phpmyadmin.net/
--
-- Máy chủ: 127.0.0.1:3307
-- Thời gian đã tạo: Th8 16, 2024 lúc 07:00 AM
-- Phiên bản máy phục vụ: 10.4.22-MariaDB
-- Phiên bản PHP: 7.4.27

SET SQL_MODE = "NO_AUTO_VALUE_ON_ZERO";
START TRANSACTION;
SET time_zone = "+00:00";


/*!40101 SET @OLD_CHARACTER_SET_CLIENT=@@CHARACTER_SET_CLIENT */;
/*!40101 SET @OLD_CHARACTER_SET_RESULTS=@@CHARACTER_SET_RESULTS */;
/*!40101 SET @OLD_COLLATION_CONNECTION=@@COLLATION_CONNECTION */;
/*!40101 SET NAMES utf8mb4 */;

--
-- Cơ sở dữ liệu: `sql_doanweb1`
--

-- --------------------------------------------------------

--
-- Cấu trúc bảng cho bảng `tbl_admin`
--

CREATE TABLE `tbl_admin` (
  `username` varchar(50) NOT NULL,
  `password` varchar(50) NOT NULL,
  `admin_name` varchar(20) NOT NULL
) ENGINE=InnoDB DEFAULT CHARSET=utf8;

--
-- Đang đổ dữ liệu cho bảng `tbl_admin`
--

INSERT INTO `tbl_admin` (`username`, `password`, `admin_name`) VALUES
('admin', '21232f297a57a5a743894a0e4a801fc3', 'Hiệp');

-- --------------------------------------------------------

--
-- Cấu trúc bảng cho bảng `tbl_binhluan`
--

CREATE TABLE `tbl_binhluan` (
  `id` int(11) NOT NULL,
  `username` varchar(50) NOT NULL,
  `binhluan` text NOT NULL
) ENGINE=InnoDB DEFAULT CHARSET=utf8;

--
-- Đang đổ dữ liệu cho bảng `tbl_binhluan`
--

INSERT INTO `tbl_binhluan` (`id`, `username`, `binhluan`) VALUES
(1, 'hiep', '123'),
(2, '1@1.1', ''),
(3, '1@1.1', ''),
(4, '1@1.1', ''),
(5, '1@1.1', ''),
(6, '1@1.1', ''),
(7, '1@1.1', ''),
(8, '1@1.1', '');

-- --------------------------------------------------------

--
-- Cấu trúc bảng cho bảng `tbl_dangky`
--

CREATE TABLE `tbl_dangky` (
  `username` varchar(50) NOT NULL,
  `password` varchar(50) NOT NULL,
  `ten` varchar(30) NOT NULL,
  `email` varchar(50) NOT NULL,
  `sdt` varchar(15) NOT NULL,
  `diachi` varchar(100) NOT NULL
) ENGINE=InnoDB DEFAULT CHARSET=utf8;

--
-- Đang đổ dữ liệu cho bảng `tbl_dangky`
--

INSERT INTO `tbl_dangky` (`username`, `password`, `ten`, `email`, `sdt`, `diachi`) VALUES
('1', 'c4ca4238a0b923820dcc509a6f75849b', '1', '1@1.1', 'q', '1'),
('1232', '202cb962ac59075b964b07152d234b70', '123', 'hiep211102@gmail.com', '123', '123'),
('hiep', 'c4ca4238a0b923820dcc509a6f75849b', 'Hiệp Nguyễn 5', 'hiep211102@gmail.com', '1', '1'),
('hiep0', '202cb962ac59075b964b07152d234b70', '123', 'hiep211102@gmail.com', '123', '123'),
('hiep123', '202cb962ac59075b964b07152d234b70', '123', 'hiep211102@gmail.com', '123', '123'),
('hiep5', 'c4ca4238a0b923820dcc509a6f75849b', 'Hiệp Nguyễn', 'hiep211102@gmail.com', '123', '123');

-- --------------------------------------------------------

--
-- Cấu trúc bảng cho bảng `tbl_danhmuc`
--

CREATE TABLE `tbl_danhmuc` (
  `id_danhmuc` int(11) NOT NULL,
  `ten_danhmuc` varchar(100) NOT NULL,
  `img_danhmuc` varchar(50) NOT NULL
) ENGINE=InnoDB DEFAULT CHARSET=utf8;

--
-- Đang đổ dữ liệu cho bảng `tbl_danhmuc`
--

INSERT INTO `tbl_danhmuc` (`id_danhmuc`, `ten_danhmuc`, `img_danhmuc`) VALUES
(1, 'Linh kiện PC', '1683195031_linhkien.png'),
(2, 'Màn hình', '1683195037_manhinh.png'),
(3, 'Bàn phím', '1683195043_banphim.png'),
(4, 'Chuột + Lót chuột', '1683195048_chuot.png'),
(5, 'Tai nghe + Loa', '1683195058_tainghe.png'),
(42, 'Ghế - Bàn', '1683195064_ghe.png');

-- --------------------------------------------------------

--
-- Cấu trúc bảng cho bảng `tbl_donhang`
--

CREATE TABLE `tbl_donhang` (
  `id_dh` int(11) NOT NULL,
  `ma_dh` int(11) NOT NULL,
  `ma_sanpham` varchar(50) NOT NULL,
  `ten_sanpham` varchar(100) NOT NULL,
  `ha_sanpham` varchar(50) NOT NULL,
  `gia_sanpham` int(11) NOT NULL,
  `giamgia` int(2) NOT NULL,
  `soluong` int(11) NOT NULL
) ENGINE=InnoDB DEFAULT CHARSET=utf8;

--
-- Đang đổ dữ liệu cho bảng `tbl_donhang`
--

INSERT INTO `tbl_donhang` (`id_dh`, `ma_dh`, `ma_sanpham`, `ten_sanpham`, `ha_sanpham`, `gia_sanpham`, `giamgia`, `soluong`) VALUES
(215, 900, 'BP02', 'Bàn phím Logitech G913', '1683283140_BP02.jpg', 4019250, 25, 1),
(216, 9566, 'MH01', 'Màn hình Asus ProArt PA278QV', '1683283644_MH01.jpg', 3276472, 20, 5),
(217, 9566, 'MH05', 'Màn hình Viewsonic VX2728', '1683283725_Mh05.jpg', 2818312, 15, 5),
(218, 9566, 'LK04', 'Mainboard MSI PRO Z790-P WIFI DDR4', '1683283380_LK04.jpg', 4973798, 15, 5),
(219, 9566, 'G05', 'Bàn Chơi Game E-Dra Z Tank V3 Black ', '1683283272_G05.jpg', 1372028, 15, 5),
(220, 9566, 'G01', 'Ghế công thái học Legion YT030 Pink White Frame', '1683283229_G01.jpg', 1709050, 5, 5),
(221, 6757, 'LK03', 'CPU Intel Core i5-10400F', '1683283607_intel_core_i5_10400.jpg', 3145952, 9, 1),
(222, 6757, 'TN02', 'Tai nghe Logitech G435 White', '1683283780_TN02.jpg', 1599200, 20, 1),
(223, 3416, 'TN02', 'Tai nghe Logitech G435 White', '1683283780_TN02.jpg', 1599200, 20, 1),
(224, 9477, 'TN02', 'Tai nghe Logitech G435 White', '1683283780_TN02.jpg', 1599200, 20, 1),
(225, 7255, 'C03', 'Chuột Gaming không dây Rapoo V30W Wireless 2.4G', '1683283198_C03.jpg', 764150, 15, 1),
(226, 4600, 'TN02', 'Tai nghe Logitech G435 White', '1683283780_TN02.jpg', 1599200, 20, 1),
(227, 6284, 'MH05', 'Màn hình Viewsonic VX2728', '1683283725_Mh05.jpg', 3900778, 15, 3),
(228, 6284, 'TN01', 'Tai nghe Razer Kaira', '1683283762_TN01.jpg', 2580110, 11, 2),
(229, 9485, 'TN03', 'Tai nghe không dây Gaming Corsair Virtuoso RGB Carbon', '1683283818_TN03.jpg', 4769510, 11, 7),
(230, 5054, 'LK04', 'Mainboard MSI PRO Z790-P WIFI DDR4', '1683283380_LK04.jpg', 6884150, 15, 1);

-- --------------------------------------------------------

--
-- Cấu trúc bảng cho bảng `tbl_giohang`
--

CREATE TABLE `tbl_giohang` (
  `id_cart` int(11) NOT NULL,
  `username` varchar(50) NOT NULL,
  `ma_dh` int(11) NOT NULL
) ENGINE=InnoDB DEFAULT CHARSET=utf8;

--
-- Đang đổ dữ liệu cho bảng `tbl_giohang`
--

INSERT INTO `tbl_giohang` (`id_cart`, `username`, `ma_dh`) VALUES
(204, 'hiep', 900),
(205, 'hiep', 9566),
(206, 'hiep', 6757),
(207, 'hiep', 3416),
(208, 'hiep', 9477),
(209, 'hiep', 7255),
(210, 'hiep', 4600),
(211, 'hiep', 6284),
(212, '1@1.1', 9485),
(213, '1@1.1', 5054);

-- --------------------------------------------------------

--
-- Cấu trúc bảng cho bảng `tbl_sanpham`
--

CREATE TABLE `tbl_sanpham` (
  `id_danhmuc` int(11) NOT NULL,
  `ten_sanpham` varchar(100) NOT NULL,
  `ma_sanpham` varchar(50) NOT NULL,
  `ha_sanpham` varchar(50) NOT NULL,
  `dd_sanpham` text NOT NULL,
  `gt_sanpham` text NOT NULL,
  `gia_sanpham` int(11) NOT NULL,
  `sl_sanpham` int(11) NOT NULL,
  `tt_sanpham` int(1) NOT NULL,
  `giamgia` int(10) NOT NULL
) ENGINE=InnoDB DEFAULT CHARSET=utf8;

--
-- Đang đổ dữ liệu cho bảng `tbl_sanpham`
--

INSERT INTO `tbl_sanpham` (`id_danhmuc`, `ten_sanpham`, `ma_sanpham`, `ha_sanpham`, `dd_sanpham`, `gt_sanpham`, `gia_sanpham`, `sl_sanpham`, `tt_sanpham`, `giamgia`) VALUES
(3, 'Bàn phím cơ gaming Corsair K70 MK2', 'BP01', '1683489035_BP01.jpg', '<ul>\n	<li>Thiết kế switch Low-profile</li>\n	<li>H&agrave;nh tr&igrave;nh ph&iacute;m ngắn</li>\n	<li>Hiệu năng cao với switch đến từ Cherry</li>\n	<li>Được trang bị LED RGB 16.8 triệu m&agrave;u</li>\n	<li>Tuỳ chỉnh bằng phần mềm iCUE</li>\n</ul>\n', '<h3><strong>Đ&aacute;nh gi&aacute; B&agrave;n ph&iacute;m cơ gaming&nbsp;Corsair&nbsp;K70&nbsp;MK2&nbsp;Low&nbsp;Profile&nbsp;Cherry&nbsp;Speed&nbsp;Switch (CH-9109018-NA)</strong></h3>\n\n<hr />\n<p><strong><img alt=\"\" src=\"https://hanoicomputercdn.com/media/lib/20-04-2023/ban-phim-co-gaming-corsair-k70-mk2-low-profile-cherry-speed-switch-ch-9109018-na-3.jpg\" style=\"height:556px; width:1000px\" /></strong></p>\n\n<p><strong><img alt=\"\" src=\"https://hanoicomputercdn.com/media/lib/20-04-2023/ban-phim-co-gaming-corsair-k70-mk2-low-profile-cherry-speed-switch-ch-9109018-na-1.jpg\" style=\"height:515px; width:1000px\" /></strong></p>\n\n<p><strong><img alt=\"\" src=\"https://hanoicomputercdn.com/media/lib/20-04-2023/ban-phim-co-gaming-corsair-k70-mk2-low-profile-cherry-speed-switch-ch-9109018-na-4.jpg\" style=\"height:476px; width:1000px\" /></strong></p>\n\n<p><strong><img alt=\"\" src=\"https://hanoicomputercdn.com/media/lib/20-04-2023/ban-phim-co-gaming-corsair-k70-mk2-low-profile-cherry-speed-switch-ch-9109018-na-5.jpg\" style=\"height:446px; width:1000px\" /></strong></p>\n\n<p>&nbsp;</p>\n', 3799000, 30, 1, 15),
(3, 'Bàn phím Logitech G913', 'BP02', '1683283140_BP02.jpg', '<ul>\n	<li>B&agrave;n ph&iacute;m Logitech G913 TKL Lightspeed Wireless RGB Red switch</li>\n	<li>Thiết kế TKl nhỏ gọn</li>\n	<li>Chất liệu l&agrave;m từ hợp kim nh&ocirc;m 5052 nối với đế được gia cố bằng th&eacute;p</li>\n	<li>Sử dụng GL Switch độc quyền Logitech đem lại cảm gi&aacute;c g&otilde; cực tốt</li>\n	<li>Led LightSync RGB 16.8 triệu m&agrave;u</li>\n	<li>Ph&iacute;m multimedia tiện lợi</li>\n	<li>Kết nối Lightspeed / Bluetooth kết nối được nhiều dạng thiết bị</li>\n	<li>Thời lượng pin cao l&ecirc;n đến 40h với độ sang led 100%</li>\n</ul>\n', '<h3><strong>Đ&aacute;nh gi&aacute; B&agrave;n ph&iacute;m Logitech G913 TKL Lightspeed Wireless RGB Red switch</strong></h3>\n\n<hr />\n<h3><strong>Thiết kế nhỏ gọn</strong></h3>\n\n<p><strong><img alt=\"\" src=\"https://hanoicomputercdn.com/media/lib/23-06-2022/ban-phim-logitech-g913-tkl-lightspeed-wireless-rgb-red-switch-001.jpg\" style=\"height:476px; width:1000px\" /></strong></p>\n\n<h3><strong>C&ocirc;ng nghệ kh&ocirc;ng d&acirc;y cao cấp</strong></h3>\n\n<p><strong><img alt=\"\" src=\"https://hanoicomputercdn.com/media/lib/23-06-2022/ban-phim-logitech-g913-tkl-lightspeed-wireless-rgb-red-switch-002.jpg\" style=\"height:454px; width:1000px\" /></strong></p>\n\n<h3><strong>Si&ecirc;u mỏng</strong></h3>\n\n<p><strong><img alt=\"\" src=\"https://hanoicomputercdn.com/media/lib/23-06-2022/ban-phim-logitech-g913-tkl-lightspeed-wireless-rgb-red-switch-0009.jpg\" style=\"height:446px; width:1000px\" /></strong></p>\n\n<h3><strong>Switch bấm cải tiến</strong></h3>\n\n<p><strong><img alt=\"\" src=\"https://hanoicomputercdn.com/media/lib/23-06-2022/ban-phim-logitech-g913-tkl-lightspeed-wireless-rgb-red-switch-010.jpg\" style=\"height:550px; width:1000px\" /></strong></p>\n\n<h3><strong>Led RGB</strong></h3>\n\n<p><strong><img alt=\"\" src=\"https://hanoicomputercdn.com/media/lib/23-06-2022/ban-phim-logitech-g913-tkl-lightspeed-wireless-rgb-red-switch-008.jpg\" style=\"height:355px; width:1000px\" /></strong></p>\n\n<p><strong>Kiểm so&aacute;t kh&ocirc;ng giới hạn</strong></p>\n\n<p>Đẹp mắt v&agrave; tinh tế, G913 TKL đem đến trải nghiệm tập trung, hiệu suất cao với mọi t&iacute;nh năng bạn cần để kiểm so&aacute;t ho&agrave;n to&agrave;n&mdash;như c&aacute;c cấu h&igrave;nh t&iacute;ch hợp v&agrave; chế độ chơi game. C&aacute;c t&iacute;nh năng n&acirc;ng cao y&ecirc;u cầu Phần mềm Chơi game HUB G của Logitech, c&oacute; sẵn để tải về tại logitechg.com/GHUB&nbsp;Biến G913 TKL th&agrave;nh trung t&acirc;m điều khiển m&aacute;y t&iacute;nh của bạn.</p>\n\n<p><img alt=\"\" src=\"https://hanoicomputercdn.com/media/lib/23-06-2022/ban-phim-logitech-g913-tkl-lightspeed-wireless-rgb-red-switch-005.jpg\" style=\"height:320px; width:1000px\" /></p>\n\n<p><img alt=\"\" src=\"https://hanoicomputercdn.com/media/lib/23-06-2022/ban-phim-logitech-g913-tkl-lightspeed-wireless-rgb-red-switch-004.jpg\" style=\"height:337px; width:1000px\" /></p>\n\n<p><img alt=\"\" src=\"https://hanoicomputercdn.com/media/lib/23-06-2022/ban-phim-logitech-g913-tkl-lightspeed-wireless-rgb-red-switch-003.jpg\" style=\"height:333px; width:1000px\" /></p>\n\n<h3><strong>Thời lượng Pin cao</strong></h3>\n\n<p><strong><img alt=\"\" src=\"https://hanoicomputercdn.com/media/lib/23-06-2022/ban-phim-logitech-g913-tkl-lightspeed-wireless-rgb-red-switch-006.jpg\" style=\"height:274px; width:1000px\" /></strong></p>\n\n<h3><strong>C&aacute;c t&iacute;nh năng kh&aacute;c</strong></h3>\n\n<p><strong><img alt=\"\" src=\"https://hanoicomputercdn.com/media/lib/23-06-2022/ban-phim-logitech-g913-tkl-lightspeed-wireless-rgb-red-switch-007.jpg\" style=\"height:417px; width:1000px\" /></strong></p>\n\n<p>&nbsp;</p>\n', 5359000, 25, 1, 25),
(3, 'Bàn phím cơ Dareu EK1280 RGB', 'BP03', '1683283151_BP03.jpg', '<ul>\n	<li>B&agrave;n ph&iacute;m cơ Dareu EK1280</li>\n	<li>Thiết kế fullsize 104 ph&iacute;m</li>\n	<li>Sử dụng D switch độc quyền DareU</li>\n	<li>Đ&egrave;n led RGB</li>\n</ul>\n', '<h3><strong>Đ&aacute;nh gi&aacute; Keyboard Dareu EK1280 RGB Mechanical Blue D Switch Black</strong></h3>\n\n<hr />\n<h3><strong>B&agrave;n ph&iacute;m cơ Dareu EK1280 RGB Mechanical Blue D Switch Black</strong></h3>\n\n<p><strong><img alt=\"\" src=\"https://hanoicomputercdn.com/media/lib/46536_ban-phim-co-Dareu-EK1280-RGB-Mechanical-Blue-D-Switch-Black-5.jpg\" style=\"height:359px; width:1000px\" /></strong></p>\n\n<h3><strong>Thiết kế</strong></h3>\n\n<p>B&agrave;n ph&iacute;m cơ Dareu EK1280&nbsp;RGB c&oacute; thiết kế tối giản, dễ d&agrave;ng sử dụng c&ugrave;ng vời khung kim loại được l&agrave;m từ th&eacute;p chắc chắn gi&uacute;p cho b&agrave;n ph&iacute;m được ổn định, chống rung mỗi khi g&otilde; ph&iacute;m bảo vệ thiết bị an to&agrave;n khỏi những chấn động bất chợt</p>\n\n<p>B&agrave;n ph&iacute;m cơ Dareu EK1280&nbsp;RGB&nbsp;đươc thiết kế với kiểu d&aacute;ng full layout đầy đủ 104 ph&iacute;m với c&aacute;c n&uacute;t c&oacute; ph&ocirc;ng chữ đơn giản được c&aacute;c người d&ugrave;ng ở Việt Nam ưa chuộng đem lại khả năng hiển thị đẹp mắt khi l&ecirc;n m&agrave;u.</p>\n\n<p><img alt=\"\" src=\"https://hanoicomputercdn.com/media/lib/46536_ban-phim-co-Dareu-EK1280-RGB-Mechanical-Blue-D-Switch-Black-4.jpg\" style=\"height:716px; width:1000px\" /></p>\n\n<h3><strong>Led RGB đặc sắc</strong></h3>\n\n<p>B&agrave;n ph&iacute;m cơ Dareu EK1280&nbsp;RGB&nbsp;được thiết kế với hệ thống đ&egrave;n LED RGB đặc sắc, sống động, hỗ trợ 16,8 triệu m&agrave;u sắc mang đến cho game thủ m&agrave;n tr&igrave;nh diễn &aacute;nh s&aacute;ng ấn tượng, tạo phong c&aacute;ch c&aacute; t&iacute;nh cho g&oacute;c gaming.</p>\n\n<p>Người d&ugrave;ng c&oacute; thể dễ d&agrave;ng điều chỉnh chế độ tr&igrave;nh chiếu th&ocirc;ng qua tổ hợp ph&iacute;m&nbsp;FN&nbsp;+&nbsp;F1&nbsp;&rArr; F12, trong đ&oacute;&nbsp;FN&nbsp;+&nbsp;F1&nbsp;&rArr; F5&nbsp;l&agrave; chế độ lưu trữ c&aacute;c n&uacute;t hiển thị &aacute;nh s&aacute;ng m&agrave; người d&ugrave;ng c&oacute; thể tự m&igrave;nh c&agrave;i đặt bằng c&aacute;ch nhấn&nbsp;FN + F12. C&ograve;n&nbsp;FN + F6, F7, F8, F9, F11&nbsp;l&agrave; c&aacute;c chế độ hiển thị đ&atilde; được c&agrave;i đặt sẵn trong b&agrave;n ph&iacute;m. Ngo&agrave;i ra với tổ hợp ph&iacute;m&nbsp;FN + SCRLK, người d&ugrave;ng c&oacute; thể dễ d&agrave;ng chọn m&agrave;u sắc hiển thị cho to&agrave;n b&agrave;n ph&iacute;m gi&uacute;p cho người d&ugrave;ng c&oacute; thể dễ d&agrave;ng chọn phong c&aacute;ch hiển thị của ch&iacute;nh m&igrave;nh</p>\n\n<p><img alt=\"\" src=\"https://hanoicomputercdn.com/media/lib/46536_ban-phim-co-Dareu-EK1280-RGB-Mechanical-Blue-D-Switch-Black-3.png\" style=\"height:425px; width:1000px\" /></p>\n\n<h3><strong>Switch D</strong></h3>\n\n<p>B&agrave;n ph&iacute;m cơ Dareu EK1280&nbsp;RGB&nbsp;c&oacute; 3 biến thể sử dụng&nbsp;D Switch&nbsp;(Brown, Blue, Red)&nbsp;do&nbsp;Dareu&nbsp;thiết kế đảm bảo tuổi thọ l&ecirc;n đến 50 triệu lần bấm, cũng tạo ra tiếng phản hồi đ&atilde; tai như c&aacute;c loại Switch cao cấp kh&aacute;c.</p>\n\n<p><img alt=\"\" src=\"https://hanoicomputercdn.com/media/lib/46536_ban-phim-co-Dareu-EK1280-RGB-Mechanical-Blue-D-Switch-Black-1.jpg\" style=\"height:430px; width:1000px\" /></p>\n', 999000, 21, 1, 10),
(3, 'Bàn Phím cơ Dareu EK810 Pink', 'BP04', '1683283161_BP04.jpg', '<ul>\n	<li>B&agrave;n Ph&iacute;m cơ Dareu EK810 Led Pink</li>\n	<li>Sử dụng switch &quot;D&quot; độc quyền</li>\n	<li>LED m&agrave;u Hồng</li>\n	<li>Keycap ABS Doubleshot si&ecirc;u bền</li>\n	<li>Thiết kế cổ điển, si&ecirc;u chắc chắn</li>\n</ul>\n', '<h3><strong>Đ&aacute;nh gi&aacute; B&agrave;n Ph&iacute;m cơ Dareu EK810 Multi-Led Pink (USB/RGB/Blue switch)</strong></h3>\n\n<hr />\n<h3><strong>TUYỆT VỜI VỚI TONE M&Agrave;U HỒNG PHẤN</strong></h3>\n\n<p>Xu hướng gear Hồng đang ng&agrave;y c&agrave;ng được nhiều game thủ, đặc biệt l&agrave; game thủ Nữ ch&uacute; &yacute; tới. V&agrave; DareU EK810 Queen Pink ch&iacute;nh l&agrave; sản phẩm mới nhất, ho&agrave;n thiện bộ sưu tập gaming gear Hồng cho h&atilde;ng. Mẫu b&agrave;n ph&iacute;m&nbsp;DareU EK810 Queen Pink đặc biệt đẹp với bộ keycap ABS DoubleShot thế hệ mới với m&agrave;u hồng phấn v&agrave; độ ho&agrave;n thiện cao, font chữ tr&ecirc;n keycap rất đẹp v&agrave; liền mạch, tốt hơn hẳn so với c&aacute;c loại ph&iacute;m cơ kh&aacute;c.</p>\n\n<h3><strong>LỚP VỎ TR&Ecirc;N BẰNG KIM LOẠI RẤT CHẤT LƯỢNG</strong></h3>\n\n<p>&nbsp;</p>\n\n<p>Vỏ tr&ecirc;n của&nbsp;DareU EK810 Queen Pink&nbsp;được l&agrave;m bằng kim loại,&nbsp;anode m&agrave;u hồng v&agrave; được bắn c&aacute;t nh&aacute;m rất đẹp, &oacute;ng &aacute;nh&nbsp;tạo điểm nhấn cho ph&iacute;m. Thiết kế vỏ ph&iacute;m thấp v&agrave; hở ch&acirc;n switch mang phong c&aacute;ch hiện đại. Ch&uacute;ng t&ocirc;i đ&atilde; thử nghiệm v&agrave; nhận thấy vỏ ph&iacute;m c&oacute; độ chắc chắn v&agrave; ổn định cao.</p>\n\n<h3><strong>TRANG BỊ SWITCH &quot;D&quot; CH&Iacute;NH H&Atilde;NG SẢN XUẤT</strong></h3>\n\n<p>&nbsp;</p>\n\n<p>Điểm kh&aacute;c biệt của&nbsp;b&agrave;n ph&iacute;m cơ DareU&nbsp;so với tất cả c&aacute;c loai&nbsp;b&agrave;n ph&iacute;m cơ gi&aacute; rẻ&nbsp;kh&aacute;c tr&ecirc;n thị trường, đ&oacute; ch&iacute;nh l&agrave;&nbsp;DareU sử dụng 100% switch do h&atilde;ng tự sản xuất. Switch &quot;D&quot; của h&atilde;ng tỏ ra rất chất lượng về cả độ bền lẫn cảm gi&aacute;c bấm.</p>\n\n<h3><strong>TUYỆT VỜI KHI D&Ugrave;NG VỚI ĐỦ SET QUEEN PINK</strong></h3>\n\n<p>DareU EK810 Queen Pink&nbsp;sẽ rất tuyệt vời khi đi c&ugrave;ng bộ với chuột&nbsp;DareU EM908 Queen Pink, b&agrave;n di chuột&nbsp;DareU ESP100 Queen Pink&nbsp;v&agrave; tai nghe&nbsp;DareU EH469 Pink. Set gear full m&agrave;u hồng n&agrave;y sẽ l&agrave; điểm nhấn cực kỳ đẹp mắt cho g&oacute;c l&agrave;m việc - chơi game của bạn.</p>\n\n<p>&nbsp;</p>\n', 789000, 21, 1, 20),
(3, 'Bàn phím cơ không dây Newmen GM680 ', 'BP05', '1683283171_BP05.png', '<ul>\r\n	<li>B&agrave;n ph&iacute;m cơ, chế độ k&eacute;p C&oacute; d&acirc;y v&agrave; bluetooth kh&ocirc;ng d&acirc;y</li>\r\n	<li>Kh&ocirc;ng d&acirc;y c&ocirc;ng nghệ 5.0 kết nối ổn định, tiết kiệm năng lượng</li>\r\n	<li>Kết nối c&ugrave;ng l&uacute;c được với 4 thiết bị, chuyển đổi sử dụng dễ d&agrave;ng</li>\r\n	<li>Th&iacute;ch hợp sử dụng PC, Laptop, điện thoại, Tablet</li>\r\n	<li>Soạn thảo văn bản dễ d&agrave;ng tr&ecirc;n m&aacute;y t&iacute;nh v&agrave; điện thoại</li>\r\n	<li>Tiện dụng cho cả những người thường xuy&ecirc;n sử dụng mạng x&atilde; hội tr&ecirc;n điện thoại v&agrave; Tablet</li>\r\n</ul>\r\n', '<h3><strong>Đ&aacute;nh gi&aacute; B&agrave;n ph&iacute;m cơ kh&ocirc;ng d&acirc;y Newmen GM680</strong></h3>\r\n\r\n<hr />\r\n<h3><strong>Bố cục 68 ph&iacute;m hợp l&yacute;</strong></h3>\r\n\r\n<p>Tiệt kiệm diện t&iacute;ch m&aacute;y t&iacute;nh để b&agrave;n tr&ecirc;n cơ sở đảm bảo t&iacute;nh thiết thực, cấu tr&uacute;c tổng thể đơn giản v&agrave; gọn g&agrave;ng, bố tr&iacute; 68 ph&iacute;m nhỏ gọn hợp l&yacute;, tối ưu h&oacute;a c&aacute;c ph&iacute;m chức năng</p>\r\n\r\n<p><img alt=\"\" src=\"https://hanoicomputercdn.com/media/lib/16-11-2021/ban-phim-co-khong-day-newmen-gm680-dual-mode-blue-sw-hot-swap-usb-c-bluetooth-rgb-1850mah-pbt-kailh-sw-2.jpg\" style=\"height:667px; width:1000px\" /></p>\r\n\r\n<h3><strong>Bộ keycap độc đ&aacute;o</strong></h3>\r\n\r\n<p>Profile XDA đối với những người chơi ph&iacute;m cơ l&acirc;u năm th&igrave; kh&ocirc;ng lạ g&igrave;, thế nhưng đối với người d&ugrave;ng phổ th&ocirc;ng th&igrave; đ&oacute; lại l&agrave; 1 điều ho&agrave;n to&agrave;n mới mẻ. Bộ keycap được l&agrave;m bằng chất liệu PBT v&agrave; được in Dye-Sub cho độ mịn cao, mang lại cảm gi&aacute;c g&otilde; rất &quot;sướng tay&quot;.</p>\r\n\r\n<p><img alt=\"\" src=\"https://hanoicomputercdn.com/media/lib/16-11-2021/ban-phim-co-khong-day-newmen-gm680-dual-mode-blue-sw-hot-swap-usb-c-bluetooth-rgb-1850mah-pbt-kailh-sw-3.jpg\" style=\"height:667px; width:1000px\" /></p>\r\n\r\n<h3><strong>Kết nối kh&ocirc;ng d&acirc;y</strong></h3>\r\n\r\n<p>Newmen GM680 c&oacute; kết nối kh&ocirc;ng d&acirc;y Bluetooth rất tiện lợi, đồng thời cũng c&oacute; thể d&ugrave;ng d&acirc;y cắm sạc v&agrave; sử dụng như b&igrave;nh thường.</p>\r\n\r\n<p><img alt=\"\" src=\"https://hanoicomputercdn.com/media/lib/16-11-2021/ban-phim-co-khong-day-newmen-gm680-dual-mode-blue-sw-hot-swap-usb-c-bluetooth-rgb-1850mah-pbt-kailh-sw-4.jpg\" style=\"height:667px; width:1000px\" /></p>\r\n\r\n<h3><strong>Switch Outemu</strong></h3>\r\n\r\n<p>Newmen GM680 trang bị switch Outemu kh&aacute; bền bỉ với cảm gi&aacute;c g&otilde; kh&aacute; ổn v&agrave; cho độ bền cao. Ngo&agrave;i ra Newmen GM680 cũng t&iacute;nh năng hotswap ch&acirc;n switch 2 pin, cho ph&eacute;p bạn c&oacute; thể thay thế loại switch y&ecirc;u th&iacute;ch của m&igrave;nh.</p>\r\n\r\n<p><img alt=\"\" src=\"https://hanoicomputercdn.com/media/lib/16-11-2021/ban-phim-co-khong-day-newmen-gm680-dual-mode-blue-sw-hot-swap-usb-c-bluetooth-rgb-1850mah-pbt-kailh-sw-6.jpg\" style=\"height:667px; width:1000px\" /></p>\r\n\r\n<h3><strong>Led RGB</strong></h3>\r\n\r\n<p>Để tăng th&ecirc;m phần nổi bật cho chiếc b&agrave;n ph&iacute;m,Newmen GM680 cũng được t&iacute;ch hợp led RGB, kết hợp với bộ keycap rồng - hổ, tạo ra &aacute;nh s&aacute;ng dạng &quot;led gầm&quot; hắt&nbsp; s&aacute;ng l&ecirc;n rất bắt mắt</p>\r\n\r\n<p><img alt=\"\" src=\"https://hanoicomputercdn.com/media/lib/16-11-2021/ban-phim-co-khong-day-newmen-gm680-dual-mode-blue-sw-hot-swap-usb-c-bluetooth-rgb-1850mah-pbt-kailh-sw-5.jpg\" style=\"height:667px; width:1000px\" /></p>\r\n', 1999000, 20, 1, 15),
(4, 'Chuột Gaming không dây Corsair Iron Claw RGB CH-9317011-AP', 'C01', '1683283186_C01.jpg', '<ul>\n	<li>Chuột Gaming kh&ocirc;ng d&acirc;y Corsair Iron Claw RGB</li>\n	<li>C&ocirc;ng nghệ kh&ocirc;ng day SLIPSTREAM WIRELESS cho độ trễ gần như bằng 0</li>\n	<li>Kết nối đa dạng : Wireless / USB / Bluetooth</li>\n	<li>Thiết kế form Ergonomic thoải m&aacute;i</li>\n	<li>Mắt cảm biến Pixart PMW3391 với độ ph&acirc;n giải 18000 DPI cho độ ch&iacute;nh x&aacute;c cực cao</li>\n	<li>Led RGB 16.8 triệu m&agrave;u, tuỳ chỉnh đa dạng với phần mềm ICUE</li>\n</ul>\n', '<h3><strong>Đ&aacute;nh gi&aacute; Chuột Gaming kh&ocirc;ng d&acirc;y Corsair Iron Claw RGB CH-9317011-AP</strong></h3>\n\n<hr />\n<p><strong><img alt=\"\" src=\"https://hanoicomputercdn.com/media/lib/55640_gioi-thieu-chuot-khong-day-corsair-iron-claw-rgb-usb-rgb-den-ch-9317011-ap.jpg\" style=\"height:365px; width:1000px\" /></strong></p>\n\n<h3><strong>Kết nối kh&ocirc;ng d&acirc;y kh&ocirc;ng độ trễ, kết nối đa dạng</strong></h3>\n\n<p><strong><img alt=\"\" src=\"https://hanoicomputercdn.com/media/lib/29-06-2022/chuot-khong-day-corsair-iron-claw-rgb-usb-rgb-den-ch-9317011-ap1.png\" style=\"height:582px; width:1000px\" /></strong></p>\n\n<p><strong><img alt=\"\" src=\"https://hanoicomputercdn.com/media/lib/29-06-2022/chuot-khong-day-corsair-iron-claw-rgb-usb-rgb-den-ch-9317011-ap2.png\" style=\"height:550px; width:1000px\" /></strong></p>\n\n<p><strong><img alt=\"\" src=\"https://hanoicomputercdn.com/media/lib/29-06-2022/chuot-khong-day-corsair-iron-claw-rgb-usb-rgb-den-ch-9317011-ap3.png\" style=\"height:549px; width:1000px\" /></strong></p>\n\n<p><strong><img alt=\"\" src=\"https://hanoicomputercdn.com/media/lib/29-06-2022/chuot-khong-day-corsair-iron-claw-rgb-usb-rgb-den-ch-9317011-ap4.png\" style=\"height:420px; width:1000px\" /></strong></p>\n\n<p><strong>H&igrave;nh thức hiện đại</strong></p>\n\n<p><strong><img alt=\"\" src=\"https://hanoicomputercdn.com/media/lib/29-06-2022/chuot-khong-day-corsair-iron-claw-rgb-usb-rgb-den-ch-9317011-ap5.png\" style=\"height:384px; width:1000px\" /></strong></p>\n\n<h3><strong>Mắt cảm biến</strong></h3>\n\n<p><strong><img alt=\"\" src=\"https://hanoicomputercdn.com/media/lib/29-06-2022/chuot-khong-day-corsair-iron-claw-rgb-usb-rgb-den-ch-9317011-ap6.png\" style=\"height:447px; width:1000px\" /></strong></p>\n\n<h3><strong>Tuỳ chỉnh kh&ocirc;ng giới hạn</strong></h3>\n\n<p>Điều khiển &aacute;nh s&aacute;ng RGB động sống động, lập tr&igrave;nh macro tinh vi v&agrave; đồng bộ h&oacute;a &aacute;nh s&aacute;ng to&agrave;n hệ thống với c&aacute;c thiết bị ngoại vi, bộ l&agrave;m m&aacute;t, quạt CORSAIR tương th&iacute;ch v&agrave; hơn thế nữa. Tất cả qua phần mềm ICUE&nbsp;</p>\n\n<p><img alt=\"\" src=\"https://hanoicomputercdn.com/media/lib/55640_phan-mem-cua-chuot-khong-day-corsair-iron-claw-rgb-usb-rgb-den-ch-9317011-ap.png\" style=\"height:484px; width:1000px\" /></p>\n', 2499000, 21, 1, 10),
(4, 'Chuột Gaming có dây Razer DeathAdder V3-Ultra-lightweight Ergonomic', 'C02', '1683283480_C02.jpg', '<ul>\n	<li>Chuẩn kết nối: D&acirc;y USB</li>\n	<li>Thiết kế c&ocirc;ng th&aacute;i học cho người thuận tay phải</li>\n	<li>Trọng lượng si&ecirc;u nhẹ chỉ 59g</li>\n	<li>Mắt cảm biến quang học Focus Pro, độ ph&acirc;n giải 30k DPI</li>\n	<li>Switch bấm Razer Optical Gen 3 với độ bền l&ecirc;n đến 90 triệu lần nhấn</li>\n	<li>C&aacute;p SpeedFlex si&ecirc;u nhẹ giảm ma s&aacute;t khi di chuột</li>\n</ul>\n', '<h3>Đ&aacute;nh gi&aacute; Chuột Gaming c&oacute; d&acirc;y Razer DeathAdder V3-Ultra-lightweight Ergonomic Esports Mouse</h3>\n\n<hr />\n<p>Sau th&agrave;nh c&ocirc;ng của si&ecirc;u phẩm Razer DeathAdder V3 Pro - phi&ecirc;n bản c&oacute; d&acirc;y Razer DeathAdder V3 Ultra Lightweight ch&iacute;nh thức ra mắt, l&agrave; một sản phẩm d&agrave;nh cho c&aacute;c game thủ &quot;classic&quot; trung th&agrave;nh với những ch&uacute; chuột Gaming c&oacute; d&acirc;y.</p>\n\n<p><img alt=\"\" src=\"https://hanoicomputercdn.com/media/lib/04-04-2023/chuot-gaming-co-day-razer-deathadder-v3-ultra-lightweight-ergonomic-esports-mouse1.jpg\" style=\"height:365px; width:1000px\" /></p>\n\n<h3>Hiệu suất cực cao</h3>\n\n<p>Trải nghiệm khả năng phản hồi t&iacute;n hiệu si&ecirc;u nhanh, nhanh gấp 8 lần so với d&ograve;ng chuột th&ocirc;ng thường với c&ocirc;ng nghệ HyperPolling với tốc độ phản hồi l&ecirc;n đến 8000Hz</p>\n\n<p><img alt=\"\" src=\"https://hanoicomputercdn.com/media/lib/04-04-2023/chuot-gaming-co-day-razer-deathadder-v3-ultra-lightweight-ergonomic-esports-mouse1.png\" style=\"height:533px; width:1000px\" /></p>\n\n<h3>Thiết kế cải tiến</h3>\n\n<p>Si&ecirc;u nhẹ</p>\n\n<p>Với khả năng tối ưu h&oacute;a trọng lượng đ&aacute;ng kinh ngạc, Razer DeathAdder V3 l&agrave; một trong những con chuột esports c&ocirc;ng th&aacute;i học nhẹ nhất từng được tạo ra, với chỉ 59g - đồng thời cải thiện trải nghiệm của người d&ugrave;ng.</p>\n\n<p><img alt=\"\" src=\"https://hanoicomputercdn.com/media/lib/04-04-2023/chuot-gaming-co-day-razer-deathadder-v3-ultra-lightweight-ergonomic-esports-mouse2.png\" style=\"height:289px; width:1000px\" /></p>\n\n<p>Form c&ocirc;ng th&aacute;i học được cải tiến</p>\n\n<p>Kết hợp với c&aacute;c Pro Player ở c&aacute;c bộ m&ocirc;n Esport, form c&ocirc;ng th&aacute;i học kinh điển của Razer DeathAdder nay đ&atilde; được cải tiến tốt hơn rất nhiều, đem lại cảm gi&aacute;c cầm nắm tuyệt vời.</p>\n\n<p><img alt=\"\" src=\"https://hanoicomputercdn.com/media/lib/04-04-2023/chuot-gaming-co-day-razer-deathadder-v3-ultra-lightweight-ergonomic-esports-mouse3.png\" style=\"height:374px; width:1000px\" /></p>\n\n<h3>Mắt cảm biến Razer Focus Pro 30K</h3>\n\n<p>D&ograve;ng mắt cảm biến cao cấp nhất của Razer, v&agrave; l&agrave; một trong những mắt cảm biết d&agrave;nh cho chuột chơi game tốt nhất thế giới, với nhiều c&ocirc;ng nghệ hiện đại, mang lại sự ch&iacute;nh x&aacute;c cực kỳ cao d&agrave;nh cho game thủ.</p>\n\n<p><img alt=\"\" src=\"https://hanoicomputercdn.com/media/lib/04-04-2023/chuot-gaming-co-day-razer-deathadder-v3-ultra-lightweight-ergonomic-esports-mouse4.png\" style=\"height:634px; width:1000px\" /></p>\n\n<p><strong>Tuỳ chỉnh Lift-Off</strong></p>\n\n<p>Bật t&iacute;nh năng Asymmetric Cut-off để tuỳ chỉnh ri&ecirc;ng Lift-off của chuột,&nbsp; với 26 mức tuỳ chỉnh khoảng c&aacute;ch chi tiết</p>\n\n<p><img alt=\"\" src=\"https://hanoicomputercdn.com/media/lib/04-04-2023/chuot-gaming-co-day-razer-deathadder-v3-ultra-lightweight-ergonomic-esports-mouse6.png\" style=\"height:684px; width:1000px\" /></p>\n\n<p><strong>Smart Tracking</strong></p>\n\n<p>Với t&iacute;nh năng n&agrave;y, mắt cảm biến Razer Focus Pro c&oacute; thế tự c&acirc;n chỉnh khoảng c&aacute;ch n&acirc;ng hạ, cho d&ugrave; bạn sử dụng ở bất cứ loại bề mặt hay c&aacute;c loại b&agrave;n di chuột kh&aacute;c nhau</p>\n\n<p><img alt=\"\" src=\"https://hanoicomputercdn.com/media/lib/04-04-2023/chuot-gaming-co-day-razer-deathadder-v3-ultra-lightweight-ergonomic-esports-mouse7.png\" style=\"height:674px; width:1000px\" /></p>\n\n<p><strong>Motion Sync</strong></p>\n\n<p>Với sự vượt trội của sức mạnh, Razer Focus Pro mang lại khả năng truyền v&agrave; nhận t&iacute;n hiệu với sự đồng bộ ở mức ho&agrave;n hảo nhất, nhờ đ&oacute; mang lại sự ch&iacute;nh x&aacute;c tuyệt vời trong từ c&uacute; vẩy chuột ở tốc độ cao.</p>\n\n<p><img alt=\"\" src=\"https://hanoicomputercdn.com/media/lib/04-04-2023/chuot-gaming-co-day-razer-deathadder-v3-ultra-lightweight-ergonomic-esports-mouse8.png\" style=\"height:673px; width:1000px\" /></p>\n\n<p><strong>Phần cứng cao cấp</strong></p>\n\n<p><img alt=\"\" src=\"https://hanoicomputercdn.com/media/lib/04-04-2023/chuot-gaming-co-day-razer-deathadder-v3-ultra-lightweight-ergonomic-esports-mouse5.png\" style=\"height:533px; width:1000px\" /></p>\n', 1999000, 30, 1, 10),
(4, 'Chuột Gaming không dây Rapoo V30W Wireless 2.4G', 'C03', '1683283198_C03.jpg', '<ul>\n	<li>C&ocirc;ng nghệ kh&ocirc;ng d&acirc;y V+: Tốc độ phản hồi 1ms, hiệu suất truyền 10m+, ba c&ocirc;ng nghệ chống nhiễu, chip ti&ecirc;u thụ năng lượng thấp</li>\n	<li>Cảm biến Gaming PMW 3335 Độ nhạy 50-16000DPI, tốc độ theo d&otilde;i 400IPS, khả năng tăng tốc 40G.</li>\n	<li>Switch Omron 20 triệu lần nhấn, Con lăn tuổi thọ 500.000 lần lăn</li>\n	<li>Pin lithium 800mAh t&iacute;ch hợp sẽ hoạt động trong khoảng 20-160 giờ khi được sạc đầy.</li>\n	<li>Grip b&ecirc;n h&ocirc;ng chống trượt dạng lưới tho&aacute;ng kh&iacute;</li>\n	<li>Được trang bị hiệu ứng LED RGB 16.8 triệu m&agrave;u</li>\n	<li>Chế độ k&eacute;p c&oacute; d&acirc;y v&agrave; kh&ocirc;ng d&acirc;y, c&aacute;c n&uacute;t c&oacute; thể lập tr&igrave;nh được, lưu trữ tr&ecirc;n bo mạch v&agrave; lưu trữ đ&aacute;m m&acirc;y được t&ugrave;y chỉnh.</li>\n</ul>\n', '<h3>Đ&aacute;nh gi&aacute; Chuột Gaming kh&ocirc;ng d&acirc;y Rapoo V30W Wireless 2.4G</h3>\n\n<hr />\n<p><img alt=\"\" src=\"https://hanoicomputercdn.com/media/lib/15-03-2023/chuot-gaming-khong-day-rapoo-v30w-wireless-9.jpg\" style=\"height:1205px; width:1000px\" /></p>\n\n<p><img alt=\"\" src=\"https://hanoicomputercdn.com/media/lib/15-03-2023/chuot-gaming-khong-day-rapoo-v30w-wireless-8.jpg\" style=\"height:1092px; width:1000px\" /><img alt=\"\" src=\"https://hanoicomputercdn.com/media/lib/15-03-2023/chuot-gaming-khong-day-rapoo-v30w-wireless-7.jpg\" style=\"height:844px; width:1000px\" /><img alt=\"\" src=\"https://hanoicomputercdn.com/media/lib/15-03-2023/chuot-gaming-khong-day-rapoo-v30w-wireless-6.jpg\" style=\"height:1174px; width:1000px\" /></p>\n\n<p><img alt=\"\" src=\"https://hanoicomputercdn.com/media/lib/15-03-2023/chuot-gaming-khong-day-rapoo-v30w-wireless-5.jpg\" style=\"height:1143px; width:1000px\" /><img alt=\"\" src=\"https://hanoicomputercdn.com/media/lib/15-03-2023/chuot-gaming-khong-day-rapoo-v30w-wireless-4.jpg\" style=\"height:1044px; width:1000px\" /><img alt=\"\" src=\"https://hanoicomputercdn.com/media/lib/15-03-2023/chuot-gaming-khong-day-rapoo-v30w-wireless-3.jpg\" style=\"height:854px; width:1000px\" /><img alt=\"\" src=\"https://hanoicomputercdn.com/media/lib/15-03-2023/chuot-gaming-khong-day-rapoo-v30w-wireless-2.jpg\" style=\"height:1002px; width:1000px\" /><img alt=\"\" src=\"https://hanoicomputercdn.com/media/lib/15-03-2023/chuot-gaming-khong-day-rapoo-v30w-wireless-1.jpg\" style=\"height:1373px; width:1000px\" /></p>\n', 899000, 10, 1, 15),
(4, 'Chuột không dây Dareu EM901X RGB Blue White', 'C04', '1683283207_C04.jpg', '<ul>\r\n	<li>Chuột kh&ocirc;ng d&acirc;y Dareu EM901X</li>\r\n	<li>Chuẩn kết nối: Wireless 2.4Ghz</li>\r\n	<li>Đi k&egrave;m dock sạc tiện lợi</li>\r\n	<li>Mắt cảm biến: BRAVO (ATG4090)</li>\r\n	<li>DPI: 800-6000</li>\r\n	<li>Dung lượng PIN: 930 mAh</li>\r\n	<li>Thời gian sử dụng: l&ecirc;n đến 30h | l&ecirc;n đến 18h với chế độ LED RGB</li>\r\n	<li>Switch: DareU (10 triệu lần click)</li>\r\n</ul>\r\n', '<h3>Đ&aacute;nh gi&aacute; Chuột kh&ocirc;ng d&acirc;y Dareu EM901X RGB Blue White</h3>\r\n\r\n<hr />\r\n<p><img alt=\"\" src=\"https://hanoicomputercdn.com/media/lib/20-04-2023/chuot-khong-day-dareu-em901x-rgb-blue-white1.png\" style=\"height:339px; width:1000px\" /></p>\r\n\r\n<p><img alt=\"\" src=\"https://hanoicomputercdn.com/media/lib/20-04-2023/chuot-khong-day-dareu-em901x-rgb-blue-white3.png\" style=\"height:506px; width:1000px\" /></p>\r\n\r\n<p><img alt=\"\" src=\"https://hanoicomputercdn.com/media/lib/20-04-2023/chuot-khong-day-dareu-em901x-rgb-blue-white2.png\" style=\"height:413px; width:1000px\" /><img alt=\"\" src=\"https://hanoicomputercdn.com/media/lib/20-04-2023/chuot-khong-day-dareu-em901x-rgb-blue-white4.png\" style=\"height:340px; width:1000px\" /><img alt=\"\" src=\"https://hanoicomputercdn.com/media/lib/20-04-2023/chuot-khong-day-dareu-em901x-rgb-blue-white5.png\" style=\"height:340px; width:1000px\" /><img alt=\"\" src=\"https://hanoicomputercdn.com/media/lib/20-04-2023/chuot-khong-day-dareu-em901x-rgb-blue-white6.png\" style=\"height:343px; width:1000px\" /></p>\r\n', 999000, 20, 1, 15),
(4, 'Chuột Gaming không dây Razer Basilisk V3 X HyperSpeed RZ01-04870100-R3A1', 'C05', '1683283217_C05.jpg', '<ul>\r\n	<li>Chuột Gaming kh&ocirc;ng d&acirc;y Razer Basilisk V3 X HyperSpeed</li>\r\n	<li>Chuẩn kết nối: Wireless 2.4Ghz / Bluetooth</li>\r\n	<li>Thiết kế Ergonomic d&agrave;nh cho người thuận tay phải</li>\r\n	<li>Mắt cảm biến Razer 5G cao cấp</li>\r\n	<li>Độ ph&acirc;n giải: 18000 DPI</li>\r\n	<li>Switch bấm Razer Gen 2 độ bền cao</li>\r\n	<li>Led RGB tại con lăn cuộn chuột</li>\r\n	<li>Sử dụng pin AA, thời lượng pin l&ecirc;n đến 285h (Wireless 2.4Ghz) / 535h (Bluetooth)</li>\r\n</ul>\r\n', '<h3><strong>Đ&aacute;nh gi&aacute; Chuột Gaming kh&ocirc;ng d&acirc;y Razer Basilisk V3 X HyperSpeed RZ01-04870100-R3A1</strong></h3>\r\n\r\n<hr />\r\n<p>Razer Basilisk V3 X HyperSpeed - Một phi&ecirc;n bản chuột kh&ocirc;ng d&acirc;y với mức gi&aacute; kh&aacute; &quot;b&igrave;nh d&acirc;n&quot; với kết nối kh&ocirc;ng d&acirc;y ho&agrave;n to&agrave;n, v&agrave; mang đến những thay đổi kh&aacute;c so với những phi&ecirc;n bản trước.</p>\r\n\r\n<p><img alt=\"\" src=\"https://hanoicomputercdn.com/media/lib/01-04-2023/chuot-gaming-khong-day-razer-basilisk-v3-x-hyperspeed-rz01-04870100-r3a11.jpg\" style=\"height:365px; width:1000px\" /></p>\r\n\r\n<p><strong>Thiết kế đặc trưng v&agrave; dễ d&agrave;ng tuỳ biến</strong></p>\r\n\r\n<p>Razer Basilisk V3 X HyperSpeed vẫn mang đến thiết kế c&ocirc;ng th&aacute;i học đặc trưng giống như những phi&ecirc;n bản trước đ&oacute;, c&ugrave;ng với đ&oacute; l&agrave; 9 n&uacute;t bấm tr&ecirc;n chuột m&agrave; người d&ugrave;ng c&oacute; thể dễ d&agrave;ng g&aacute;n chức năng điều khiển, dễ d&agrave;ng hơn trong việc sử dụng.</p>\r\n\r\n<p><img alt=\"\" src=\"https://hanoicomputercdn.com/media/lib/01-04-2023/chuot-gaming-khong-day-razer-basilisk-v3-x-hyperspeed-rz01-04870100-r3a11.png\" style=\"height:440px; width:1000px\" /></p>\r\n\r\n<p><strong>Điều khiển nhiều hơn</strong></p>\r\n\r\n<p>Với t&iacute;nh năng HyperShift được k&iacute;ch hoạt trong phần mềm Razer Synapse, người d&ugrave;ng c&oacute; thể tăng th&ecirc;m 1 chức năng cho mỗi n&uacute;t bấm một c&aacute;ch dễ d&agrave;ng.</p>\r\n\r\n<p><img alt=\"\" src=\"https://hanoicomputercdn.com/media/lib/01-04-2023/chuot-gaming-khong-day-razer-basilisk-v3-x-hyperspeed-rz01-04870100-r3a12.png\" style=\"height:596px; width:1000px\" /></p>\r\n\r\n<p><strong>Kết nối kh&ocirc;ng d&acirc;y ho&agrave;n to&agrave;n</strong></p>\r\n\r\n<p>Razer Basilisk V3 X HyperSpeed sử hữu 2 phương thức kết nối kh&ocirc;ng d&acirc;y l&agrave; Wireless 2.4Ghz v&agrave; Bluetooth với độ trễ thấp, ph&ugrave; hợp cho việc chơi game hoặc l&agrave;m việc tr&ecirc;n c&aacute;c thiết bị kh&aacute;c nhau. Đồng thời kết nối kh&ocirc;ng d&acirc;y n&agrave;y cũng ti&ecirc;u tốn &iacute;t năng lượng v&agrave; đem lại thời lượng sử dụng rất đ&aacute;ng kể.</p>\r\n\r\n<p><img alt=\"\" src=\"https://hanoicomputercdn.com/media/lib/01-04-2023/chuot-gaming-khong-day-razer-basilisk-v3-x-hyperspeed-rz01-04870100-r3a13.png\" style=\"height:439px; width:1000px\" /></p>\r\n\r\n<p><strong>Led RGB</strong></p>\r\n\r\n<p>So với c&aacute;c phi&ecirc;n bản trước, Razer Basilisk V3 X HyperSpeed t&iacute;ch hợp led RGB ở tr&ecirc;n con lăn cuộn chuột, tạo n&ecirc;n điểm nhấn cho ch&uacute; chuột n&agrave;y.</p>\r\n\r\n<p><img alt=\"\" src=\"https://hanoicomputercdn.com/media/lib/01-04-2023/chuot-gaming-khong-day-razer-basilisk-v3-x-hyperspeed-rz01-04870100-r3a14.png\" style=\"height:596px; width:1000px\" /></p>\r\n', 2499000, 20, 1, 12),
(42, 'Ghế công thái học Legion YT030 Pink White Frame', 'G01', '1683283229_G01.jpg', '<ul>\n	<li>Ghế c&ocirc;ng th&aacute;i học Legion YT030</li>\n	<li>Chất liệu khung: Kim loại</li>\n	<li>Lưng lưới, đệm ngồi l&agrave;m bằng xốp bọt biển &ecirc;m &aacute;i, bọc vải tho&aacute;ng kh&iacute;</li>\n	<li>Ngả lưng 120 độ</li>\n	<li>Gối đầu 4D</li>\n	<li>Tay ghế c&oacute; thể n&acirc;ng hạ theo g&oacute;c 90 độ</li>\n	<li>Ch&acirc;n ghế nhựa nylon bền bỉ, chịu lực tốt</li>\n</ul>\n', '<h3><strong>Đ&aacute;nh gi&aacute; Ghế c&ocirc;ng th&aacute;i học Legion YT030 Pink</strong></h3>\n\n<hr />\n<p><strong><img alt=\"\" src=\"https://hanoicomputercdn.com/media/lib/16-01-2023/ghe-cong-thai-hoc-legion-yt030-pink1.jpg\" style=\"height:1508px; width:790px\" /></strong></p>\n\n<p><strong><img alt=\"\" src=\"https://hanoicomputercdn.com/media/lib/16-01-2023/ghe-cong-thai-hoc-legion-yt030-pink7.jpg\" style=\"height:1018px; width:790px\" /></strong></p>\n\n<h3><strong>K&iacute;ch thước</strong></h3>\n\n<p><strong><img alt=\"\" src=\"https://hanoicomputercdn.com/media/lib/16-01-2023/ghe-cong-thai-hoc-legion-yt030-pink6.jpg\" style=\"height:1193px; width:790px\" /></strong></p>\n\n<h3><strong>K&ecirc; tay n&acirc;ng hạ g&oacute;c 90 độ</strong></h3>\n\n<p><strong><img alt=\"\" src=\"https://hanoicomputercdn.com/media/lib/16-01-2023/ghe-cong-thai-hoc-legion-yt030-pink2.jpg\" style=\"height:1362px; width:790px\" /></strong></p>\n\n<h3><strong>Lưng ghế c&ocirc;ng th&aacute;i học</strong></h3>\n\n<p><strong><img alt=\"\" src=\"https://hanoicomputercdn.com/media/lib/16-01-2023/ghe-cong-thai-hoc-legion-yt030-pink11.jpg\" style=\"height:1541px; width:790px\" /></strong></p>\n\n<h3><strong>Đệm ngồi thoải m&aacute;i</strong></h3>\n\n<p><strong><img alt=\"\" src=\"https://hanoicomputercdn.com/media/lib/16-01-2023/ghe-cong-thai-hoc-legion-yt030-pink5.jpg\" style=\"height:1376px; width:790px\" /></strong></p>\n\n<h3><strong>Ngả lưng 120 độ</strong></h3>\n\n<p><strong><img alt=\"\" src=\"https://hanoicomputercdn.com/media/lib/16-01-2023/ghe-cong-thai-hoc-legion-yt030-pink10.jpg\" style=\"height:1404px; width:790px\" /></strong></p>\n', 1799000, 30, 1, 5),
(42, 'Ghế game Corsair TC100 RELAXED Fabric Black', 'G02', '1683283240_G02.jpg', '<ul>\n	<li>Khả năng tuỳ chỉnh cao</li>\n	<li>Thiết kế sang trọng mang phong c&aacute;ch xe đua</li>\n	<li>C&ocirc;ng nghệ nệm tho&aacute;ng kh&iacute;</li>\n	<li>Chỗ ngồi rộng r&atilde;i</li>\n	<li>K&ecirc; tay 2D</li>\n	<li>Độ cao c&oacute; thể điều chỉnh l&ecirc;n đến 100mm</li>\n	<li>Khả năng ngả từ 90-160 độ</li>\n</ul>\n', '<h3><strong>Đ&aacute;nh gi&aacute; Ghế game Corsair&nbsp;&nbsp;TC100 RELAXED Fabric Black</strong></h3>\n\n<hr />\n<p><strong><img alt=\"\" src=\"https://hanoicomputercdn.com/media/lib/28-03-2023/ghe-game-corsair-tc100-relaxed-fabric-3.jpg\" style=\"height:457px; width:1000px\" /></strong></p>\n\n<p><strong><img alt=\"\" src=\"https://hanoicomputercdn.com/media/lib/28-03-2023/ghe-game-corsair-tc100-relaxed-fabric-4.jpg\" style=\"height:409px; width:1000px\" /></strong></p>\n\n<p><strong><img alt=\"\" src=\"https://hanoicomputercdn.com/media/lib/28-03-2023/ghe-game-corsair-tc100-relaxed-fabric-5.jpg\" style=\"height:520px; width:1000px\" /></strong></p>\n\n<p><strong><img alt=\"\" src=\"https://hanoicomputercdn.com/media/lib/28-03-2023/ghe-game-corsair-tc100-relaxed-fabric-1.jpg\" style=\"height:552px; width:1000px\" /></strong></p>\n\n<p>&nbsp;</p>\n', 5499000, 25, 1, 20),
(42, 'Ghế game Corsair TC200 Fabric Light Grey White', 'G03', '1683283251_G03.jpg', '<ul>\n	<li>Ghế game Corsair TC200 Fabric Light Grey White</li>\n	<li>Chất liệu: Bọc vải cao cấp</li>\n	<li>Đệm ghế l&agrave;m bằng polyurethane (bọt lạnh) si&ecirc;u bền</li>\n	<li>Tay xoay 4D linh hoạt</li>\n	<li>Trụ class 4 chịu trọng tải 121kg</li>\n	<li>Ch&acirc;n kim loại si&ecirc;u bền</li>\n</ul>\n', '<h3><strong>Đ&aacute;nh gi&aacute; Ghế game Corsair TC200 Fabric Light Grey White</strong></h3>\n\n<hr />\n<p style=\"text-align:center\">Đang cập nhật...</p>\n', 9999000, 40, 1, 20),
(42, 'Ghế Công Thái Học VITRA ERGO VISION X301 Grey/White', 'G04', '1683283261_G04.jpg', '<ul>\r\n	<li>Ghế C&ocirc;ng Th&aacute;i Học VITRA ERGO VISION X301</li>\r\n	<li>Chất liệu: Khung th&eacute;p, đệm m&uacute;t xốp bọt biển mật độ cao v&agrave; lưng lưới Fibone tho&aacute;ng kh&iacute;</li>\r\n	<li>K&ecirc; tay đệm m&uacute;t bọc lưới &ecirc;m &aacute;i, c&oacute; thể gạt l&ecirc;n xuống theo g&oacute;c 90 độ</li>\r\n	<li>Chế độ ngả lưng: 130 độ</li>\r\n	<li>Bệ đỡ kiểu c&aacute;nh bướm, cơ chế ngả v&agrave; kho&aacute;</li>\r\n	<li>Trục thủy lực class 3</li>\r\n	<li>Khung ch&acirc;n nylon, b&aacute;nh xe lớn, chịu lực tối đa 180Kg</li>\r\n	<li>Đệm lưới phần đầu tuỳ chỉnh cao thấp</li>\r\n</ul>\r\n', '<h3><strong>Đ&aacute;nh gi&aacute; Ghế C&ocirc;ng Th&aacute;i Học VITRA ERGO VISION X301 Grey/White</strong></h3>\r\n\r\n<hr />\r\n<p style=\"text-align:center\">Đang cập nhật ...</p>\r\n', 2999000, 20, 1, 10),
(42, 'Bàn Chơi Game E-Dra Z Tank V3 Black ', 'G05', '1683283272_G05.jpg', '<ul>\r\n	<li>B&agrave;n Chơi Game E-Dra Z Tank V3</li>\r\n	<li>Chất liệu khung: Kim loại</li>\r\n	<li>Bề mặt b&agrave;n: Gỗ</li>\r\n	<li>K&iacute;ch thước b&agrave;n lắp r&aacute;p: 1200*600*750mm</li>\r\n	<li>Khả năng chịu tải: 150kg</li>\r\n</ul>\r\n', '<h3><strong>Đ&aacute;nh gi&aacute; B&agrave;n Chơi Game E-Dra Z Tank V3 Black&nbsp;</strong></h3>\r\n\r\n<hr />\r\n<p style=\"text-align:center\">Đang cập nhật...</p>\r\n', 1899000, 21, 1, 15),
(5, 'Loa di động Anker Soundcore Pro - A3142 - Màu đen', 'L01', '1683283290_L01.jpg', '<ul>\n	<li>Tối đa 18 giờ chơi.</li>\n	<li>Kh&aacute;ng nước, bụi ti&ecirc;u chuẩn IPX4</li>\n	<li>Sạc đầy sau 4 - 6 giờ (C&oacute; pin 8.000mAh)</li>\n	<li>Micr&ocirc; t&iacute;ch hợp cho c&aacute;c cuộc gọi điện thoại</li>\n	<li>Kết nối Bluetooth 4.2 với phạm vi nghe 20 m&eacute;t</li>\n	<li>Bạn c&oacute; thể kết nối thiết bị th&ocirc;ng qua kết nối NFC</li>\n</ul>\n', '<h3><strong>Đ&aacute;nh gi&aacute; Loa di động Anker Soundcore Pro - A3142 - M&agrave;u đen</strong></h3>\n\n<hr />\n<p><strong>Loa Anker Soundcore pro</strong> c&oacute; nhiều sự kh&aacute;c biệt quan trọng hơn l&agrave; c&aacute;c t&iacute;nh năng được th&ecirc;m v&agrave;o, như micr&ocirc; t&iacute;ch hợp để gi&uacute;p hỗ trợ cuộc gọi Bluetooth. &Acirc;m thanh vượt trội với mức c&ocirc;ng suất 25W, k&iacute;ch thước nhỏ gọn 197 x 70 x 66 mm, đồng thời loa c&ograve;n c&oacute; khả năng kh&aacute;ng nước&nbsp;IPX5.</p>\n\n<p><img alt=\"\" src=\"https://hanoicomputercdn.com/media/lib/23-11-2022/loa-di-dong-anker-soundcore-pro-a3142-mau-den-7.jpg\" style=\"height:1004px; width:1000px\" /></p>\n\n<p><strong>Thiết kế của loa</strong></p>\n\n<p>Anker SoundCore Pro c&oacute; th&acirc;n h&igrave;nh chữ nhật m&agrave;u đen, k&iacute;ch thước 197 x 70 x 66 mm kh&aacute; chắc chắn. Vỏ kim loại v&agrave; c&aacute;c n&uacute;t điều khiển kh&aacute; nổi bật gi&uacute;p bạn dễ d&agrave;ng vận h&agrave;nh SoundCore Pro với những thao t&aacute;c đơn giản.</p>\n\n<p>Loa c&oacute; khả năng chống nước IPX5, d&ugrave; trời mưa hay nắng, bạn sẽ kh&ocirc;ng phải lo lắng về việc SoundCore Pro bị ướt. T&iacute;nh năng n&agrave;y c&ograve;n cho ph&eacute;p bạn mang loa đi đến những điểm c&oacute; nước như bể bơi, đi biển...Tuy nhi&ecirc;n, xếp hạng IPX5 kh&ocirc;ng bảo vệ loa khi bị nhấn ch&igrave;m trong nước.</p>\n\n<p><img alt=\"\" src=\"https://hanoicomputercdn.com/media/lib/23-11-2022/loa-di-dong-anker-soundcore-pro-a3142-mau-den-5.jpg\" style=\"height:766px; width:1000px\" /></p>\n\n<p>Ph&iacute;a sau loa c&oacute; một nắp cao su, bạn c&oacute; thể truy cập cổng sạc USB v&agrave; giắc cắm 3,5mm. Bảng điều khiển bật / tắt dễ d&agrave;ng v&agrave; đ&oacute;ng vai tr&ograve; bảo vệ c&aacute;c c&aacute;c kết nối ẩn khỏi nước. Nếu bạn kh&ocirc;ng kết nối qua bluetooth vẫn c&oacute; cổng 3,5mm cho bạn kết nối loa dễ d&agrave;ng.</p>\n\n<h3><strong>Dễ d&agrave;ng sử dụng</strong></h3>\n\n<p>C&aacute;c n&uacute;t điều khiển được trang bị ph&iacute;a tr&ecirc;n gồm: điều khiển &acirc;m lượng, nguồn, tạm dừng / ph&aacute;t v&agrave; tất nhi&ecirc;n l&agrave; kết nối Bluetooth. V&igrave; lợi &iacute;ch của việc tiết kiệm kh&ocirc;ng gian, n&uacute;t ph&aacute;t được chồng ch&eacute;o với n&uacute;t bỏ qua b&agrave;i h&aacute;t. Bạn c&oacute; thể chạm v&agrave;o n&uacute;t ph&aacute;t hai lần để bỏ qua hoặc giữ n&uacute;t đ&oacute; trong 15 gi&acirc;y để k&iacute;ch hoạt Google Assistant hoặc Siri.</p>\n\n<p>N&uacute;t up up gi&uacute;p bạn điều chỉnh &acirc;m trầm, đ&acirc;y l&agrave; đặc trưng của Anker c&oacute; thể gi&uacute;p bạn điều chỉnh một lần nhấn v&agrave;o cấu h&igrave;nh &acirc;m thanh v&agrave; mức ti&ecirc;u thụ pin của SoundCore.</p>\n\n<p>Li&ecirc;n quan đến loa Bluetooth di động tương tự, SoundCore Pro c&oacute; kết nối đ&aacute;ng tin cậy đ&aacute;ng kinh ngạc. Thật đ&aacute;ng ngạc nhi&ecirc;n khi bạn c&oacute; thể kết nối bluetooth với khoảng c&aacute;ch 20 m&eacute;t, c&oacute; n&uacute;t NFC để gi&uacute;p gh&eacute;p nối nhanh ch&oacute;ng cho kết nối Bluetooth 4.2 được hỗ trợ.</p>\n\n<p><img alt=\"\" src=\"https://hanoicomputercdn.com/media/lib/23-11-2022/loa-di-dong-anker-soundcore-pro-a3142-mau-den-3.jpg\" style=\"height:750px; width:1000px\" /></p>\n\n<h3><strong>Hiệu suất &acirc;m thanh</strong></h3>\n\n<p>B&ecirc;n trong loa Anker SoundCore Pro gồm 2 tr&igrave;nh điều khiển v&agrave; hai tweeter (cung cấp &acirc;m thanh dải cao chi tiết hơn). <strong>Loa</strong>&nbsp;cũng sử dụng c&ocirc;ng nghệ BassUp của Anker để cung cấp &acirc;m trầm tăng cường đặc trưng của ri&ecirc;ng họ.</p>\n\n<p><img alt=\"\" src=\"https://hanoicomputercdn.com/media/lib/23-11-2022/loa-di-dong-anker-soundcore-pro-a3142-mau-den-1.jpg\" style=\"height:750px; width:1000px\" /></p>\n\n<p>Gần như mọi loa Bluetooth của Anker đều hứa hẹn sẽ cung cấp &acirc;m trầm v&agrave; SoundCore Pro nỗ lực tốt nhất của họ. N&oacute; được trang bị đặc biệt để xử l&yacute; c&aacute;c &acirc;m thanh m&eacute;o m&oacute; cấp thấp.</p>\n\n<p>Những tr&igrave;nh điều khiển &acirc;m thanh c&oacute; c&ocirc;ng suất l&ecirc;n tới 25W, mức c&ocirc;ng suất kh&aacute; tốt với c&aacute;c d&ograve;ng loa Bluetooth. Về &acirc;m lượng, SoundCore Pro được trang bị để chơi trong ph&ograve;ng cỡ trung b&igrave;nh.</p>\n\n<h3><strong>Tuổi thọ pin</strong></h3>\n\n<p>Thời lượng pin loa Anker SoundCore Pro được đ&aacute;nh gi&aacute; l&agrave; k&eacute;o d&agrave;i trong 18 giờ, khiến n&oacute; trở th&agrave;nh một trong những loa Anker pin tr&acirc;u nhất. Độ bền pin nhờ v&agrave;o pin lithium-ion 8.000mAh, bạn cũng c&oacute; thể sử dụng để sạc c&aacute;c thiết bị di động kh&aacute;c của m&igrave;nh.</p>\n\n<p><img alt=\"\" src=\"https://hanoicomputercdn.com/media/lib/23-11-2022/loa-di-dong-anker-soundcore-pro-a3142-mau-den-6.jpg\" style=\"height:760px; width:1000px\" /></p>\n\n<h3><strong>T&iacute;nh năng hỗ trợ</strong></h3>\n\n<p>T&iacute;nh năng loa ngo&agrave;i SoundCore Pro ch&iacute;nh x&aacute;c nhất so với t&iacute;nh năng loa ngo&agrave;i của điện thoại th&ocirc;ng minh, gi&uacute;p bạn đ&agrave;m thoại dễ d&agrave;ng với c&aacute;c cuộc gọi.</p>\n\n<p>Ngo&agrave;i ra, bạn c&oacute; thể trải nghiệm &acirc;m thanh 360 độ đầy đủ xung quanh loa, gi&uacute;p cho khả năng nghe thật tuyệt vời khi bạn ở bất kỳ vị tr&iacute; n&agrave;o xung quanh loa.</p>\n\n<p><img alt=\"\" src=\"https://hanoicomputercdn.com/media/lib/23-11-2022/loa-di-dong-anker-soundcore-pro-a3142-mau-den-7.jpg\" style=\"height:1004px; width:1000px\" /></p>\n\n<h3><strong>K&iacute;ch thước</strong></h3>\n\n<p><strong><img alt=\"\" src=\"https://hanoicomputercdn.com/media/lib/23-11-2022/loa-di-dong-anker-soundcore-pro-a3142-mau-den-8.jpg\" style=\"height:594px; width:1000px\" /></strong></p>\n', 2499000, 10, 1, 20),
(5, 'Loa di động JBL XTREME 3 - Màu xanh dương', 'L02', '1683283304_L02.jpg', '<ul>\n	<li>Thiết kế mạnh mẽ, năng động với d&acirc;y đeo đi k&egrave;m gi&uacute;p bạn c&oacute; thể mang đi bất cứ đ&acirc;u</li>\n	<li>&Acirc;m thanh JBL chất lượng, mạnh mẽ với c&ocirc;ng suất l&ecirc;n tới 50W</li>\n	<li>Thời lượng pin khủng l&ecirc;n tới 15 giờ sạc lại trong 2,5 giờ</li>\n	<li>Chống nước v&agrave; chống bụi chuẩn IP67 gi&uacute;p bạn mang đi bất cứ đ&acirc;u, từ b&atilde;i biển, đến tiệc bể bơi</li>\n	<li>Hỗ trợ Bluetooth 5.1 gi&uacute;p ph&aacute;t nhạc tối ưu nhất c&oacute; thể</li>\n	<li>C&oacute; cổng AUX (kết nối d&acirc;y 3,5mm)</li>\n	<li>C&ocirc;ng nghệ partyboost kết nối c&aacute;c loa c&ugrave;ng loại lại với nhau</li>\n	<li>C&ocirc;ng nghệ sạc ngược thiết bị th&ocirc;ng minh th&ocirc;ng qua cổng USB A</li>\n</ul>\n', '<h3><strong>Đ&aacute;nh gi&aacute; Loa di động JBL XTREME 3 - M&agrave;u xanh dương</strong></h3>\n\n<hr />\n<p>Kh&ocirc;ng c&oacute; g&igrave; phải b&agrave;n c&atilde;i <strong>JBL Xtreme 3</strong>&nbsp;hiện l&agrave; một trong những mẫu loa di động được đ&ocirc;ng đảo t&iacute;n đồ &acirc;m nhạc y&ecirc;u th&iacute;ch. Với h&agrave;ng loạt n&acirc;ng cấp mới về khả năng chống nước, thời gian sạc, kết nối v&agrave; trọng lượng, loa JBL Xtreme 3 hứa hẹn&nbsp;sẽ mang đến cho người d&ugrave;ng&nbsp;một thế giới &acirc;m nhạc b&ugrave;ng nổ c&ugrave;ng những vũ điệu b&ugrave;ng ch&aacute;y.</p>\n\n<h3><strong>Thiết kế mạnh mẽ, năng động</strong></h3>\n\n<p>JBL Xtreme 3 l&agrave; một loa h&igrave;nh trụ c&oacute; k&iacute;ch thước trung b&igrave;nh, c&oacute; thể được đặt theo chiều dọc hoặc chiều ngang.&nbsp;D&acirc;y đeo vai đi k&egrave;m cho ph&eacute;p bạn mang theo Xtreme 3 một c&aacute;ch dễ d&agrave;ng v&agrave; dụng cụ mở nắp chai được t&iacute;ch hợp trong d&acirc;y đeo gi&uacute;p bạn lu&ocirc;n đủ nước trong khi dự tiệc.</p>\n\n<p><img alt=\"\" src=\"https://hanoicomputercdn.com/media/lib/08-11-2022/loa-di-dong-jbl-xtreme-3-mau-den-2.jpg\" style=\"height:666px; width:1000px\" /></p>\n\n<p>Chất lượng build của loa JBL Xtreme 3 l&agrave; rất tốt. N&oacute; c&oacute; một lưới chặt chẽ bao bọc loa của n&oacute;, tạo cảm gi&aacute;c chắc chắn v&agrave; cũng c&oacute; một đế cao su ở hai b&ecirc;n để giữ cho n&oacute; kh&ocirc;ng bị trượt nếu bạn đặt n&oacute; theo chiều dọc.</p>\n\n<p><img alt=\"\" src=\"https://hanoicomputercdn.com/media/lib/08-11-2022/loa-di-dong-jbl-xtreme-3-mau-den-6.jpg\" style=\"height:666px; width:1000px\" /></p>\n\n<h3><strong>Chất lượng &acirc;m thanh vượt trội</strong></h3>\n\n<p>Xtreme 3&nbsp;hứa hẹn sẽ khiến người nghe thăng hoa với chất lượng &acirc;m thanh nổi trội.&nbsp;Được trang bị đến 4 tr&igrave;nh điều khiểu v&agrave; hai bộ tản nhiệt JBL Bass, Xtreme 3 dễ d&agrave;ng mang đến &acirc;m thanh sống động, đắm ch&igrave;m với &acirc;m trầm s&acirc;u v&agrave; nhiều chi tiết.&nbsp;Bạn sẽ bị ch&igrave;m đắm trong &acirc;m nhạc mọi l&uacute;c mọi nơi.</p>\n\n<p><img alt=\"\" src=\"https://hanoicomputercdn.com/media/lib/08-11-2022/loa-di-dong-jbl-xtreme-3-mau-den-3.jpg\" style=\"height:617px; width:1000px\" /></p>\n\n<h3><strong>Khả năng chống bụi v&agrave; nước</strong></h3>\n\n<p>JBL Xtreme 3 l&agrave; một chiếc <strong>loa</strong>&nbsp;bền bỉ m&agrave; bạn c&oacute; thể mang theo mọi l&uacute;c mọi nơi.&nbsp;N&oacute; được xếp hạng IP67, c&oacute; nghĩa l&agrave; n&oacute; chống bụi v&agrave; chống nước.</p>\n\n<p>B&ecirc;n cạnh đ&oacute;, loa cũng sẽ an to&agrave;n ngay cả khi ngập trong nước 1 m&eacute;t trong 30 ph&uacute;t.&nbsp;Với điều đ&oacute;, bạn c&oacute; thể đảm bảo rằng Xtreme 3 sẽ tồn tại l&acirc;u d&agrave;i.</p>\n\n<p><img alt=\"\" src=\"https://hanoicomputercdn.com/media/lib/08-11-2022/loa-di-dong-jbl-xtreme-3-mau-den-5.jpg\" style=\"height:690px; width:1000px\" /></p>\n\n<h3><strong>Hoạt động li&ecirc;n tục 15 tiếng</strong></h3>\n\n<p>JBL Xtreme 3 c&oacute; hiệu suất pin vượt trội. Giống như người tiền nhiệm của n&oacute;, dung lượng pin của Xtreme 3 kh&ocirc;ng thấp hơn 10.000 mAh.&nbsp;Điều đ&oacute; cung cấp rất nhiều năng lượng, cho ph&eacute;p bạn nghe nhạc trong tối đa 15 giờ.&nbsp;Tổng thời gian sử dụng phụ thuộc v&agrave;o mức &acirc;m lượng bạn đặt, v&igrave; vậy trải nghiệm c&aacute; nh&acirc;n của bạn c&oacute; thể kh&aacute;c nhau.</p>\n\n<p>Ngo&agrave;i ra, bạn c&oacute; thể sạc đầy pin của m&igrave;nh trong v&ograve;ng 2,5 giờ.&nbsp;Loa c&oacute; kết nối USB-C cho ph&eacute;p sạc nhanh.</p>\n\n<p><img alt=\"\" src=\"https://hanoicomputercdn.com/media/lib/08-11-2022/loa-di-dong-jbl-xtreme-3-mau-den-4.jpg\" style=\"height:665px; width:1000px\" /></p>\n\n<h3><strong>Ứng dụng JBL Connect</strong></h3>\n\n<p>Ứng dụng JBL Connect cho ph&eacute;p bạn kết nối hai loa trong khi cho ph&eacute;p bạn tạo c&aacute;c cặp &acirc;m thanh nổi.&nbsp;Hoặc, bạn c&oacute; thể chơi c&ugrave;ng một giai điệu trong một kh&ocirc;ng gian rộng lớn.&nbsp;Điều đ&aacute;ng ch&uacute; &yacute; l&agrave; h&atilde;ng đ&atilde; l&agrave;m cho n&oacute; tương th&iacute;ch với cả thiết bị Android v&agrave; iOS.</p>\n\n<h3><strong>Kết nối nhanh ch&oacute;ng</strong></h3>\n\n<p>JBL Xtreme 3 c&ograve;n sở hữu c&ocirc;ng nghệ Bluetooth 5.1 hiện đại. Với c&ocirc;ng nghệ n&agrave;y Xtreme 3 sẽ tương th&iacute;ch với hầu như tất cả c&aacute;c thiết bị tr&ecirc;n thị trường hiện nay.</p>\n\n<h3><strong>K&iacute;ch thước</strong></h3>\n\n<p><strong><img alt=\"\" src=\"https://hanoicomputercdn.com/media/lib/08-11-2022/loa-di-dong-jbl-xtreme-3-mau-den-1.jpg\" style=\"height:555px; width:1000px\" /></strong></p>\n', 6599000, 21, 1, 10),
(1, 'CPU Intel Core i3-10105', 'LK01', '1683283564_cpu_intel_core_i3_10105.jpg', '<ul>\n	<li>D&ograve;ng CPU Core i thế hệ thứ 11 của Intel</li>\n	<li>Socket: LGA 1200</li>\n	<li>Thế hệ: Comet Lake</li>\n	<li>Số nh&acirc;n: 4</li>\n	<li>Số luồng: 8</li>\n	<li>Xung nhịp: 3.7 - 4.4 Ghz</li>\n</ul>\n', '<h3><strong>Đ&aacute;nh gi&aacute; CPU Intel Core i3-10105 (3.7GHz up to 4.4Ghz, 4 nh&acirc;n 8 luồng, 65W)</strong></h3>\n\n<hr />\n<p><strong>CPU Intel Core i3-10105</strong>&nbsp;l&agrave; phi&ecirc;n bản n&acirc;ng cấp của I3-10100 với xung nhịp tăng nhẹ v&agrave; hiệu suất tr&ecirc;n mỗi nh&acirc;n được cải thiện. Với 4 nh&acirc;n 8 luồng, đ&acirc;y l&agrave; CPU c&oacute; hiệu năng tr&ecirc;n gi&aacute; th&agrave;nh tốt nhất của Intel ở ph&acirc;n kh&uacute;c phổ th&ocirc;ng.&nbsp;</p>\n\n<h3><strong>N&acirc;ng cấp của CPU Intel Core i3-10105&nbsp;</strong></h3>\n\n<p>Tr&ecirc;n mẫu CPU&nbsp;n&agrave;y, Intel đ&atilde; cải tiến xung nhịp tăng nhẹ 0.1Ghz gi&uacute;p hiệu năng tăng l&ecirc;n trong khi gi&aacute; vẫn kh&ocirc;ng đổi so với thế hệ cũ.</p>\n\n<p><img alt=\"\" src=\"https://hacom.vn/media/lib/20-04-2021/cpu-intel-core-i3-10105-11.jpg\" style=\"height:750px; width:1000px\" /></p>\n\n<h3><strong>T&iacute;nh tương th&iacute;ch</strong></h3>\n\n<p>CPU Intel Core i3-10105 vẫn sử dụng socket LGA 1200 v&agrave; c&oacute; thể chạy được tr&ecirc;n c&aacute;c bo mạch chủ H410, B460, H470, Z490&nbsp; v&agrave; c&aacute;c bo mạch chủ thế hệ mới H510, B560, Z590.&nbsp;</p>\n\n<h3><strong>Intel Core i3 d&agrave;nh cho ai?&nbsp;</strong></h3>\n\n<p>Với 4 nh&acirc;n 8 luồng v&agrave; hiệu năng tr&ecirc;n mỗi nh&acirc;n được n&acirc;ng cấp, Intel Core i3 sẽ ph&ugrave; hợp cho c&aacute;c bộ m&aacute;y gi&aacute; rẻ nhắm v&agrave;o mức hiệu năng tr&ecirc;n gi&aacute; th&agrave;nh, phục vụ mục đ&iacute;ch Gaming hoặc l&agrave;m việc với c&aacute;c phần mềm chuy&ecirc;n dụng.&nbsp;</p>\n', 3299000, 20, 1, 20);
INSERT INTO `tbl_sanpham` (`id_danhmuc`, `ten_sanpham`, `ma_sanpham`, `ha_sanpham`, `dd_sanpham`, `gt_sanpham`, `gia_sanpham`, `sl_sanpham`, `tt_sanpham`, `giamgia`) VALUES
(1, 'CPU Intel Core i9-12900KS ', 'LK02', '1683283587_cpu_intel_core_i9_12900ks_i4.jpg', '<ul>\n	<li>Socket LGA 1700</li>\n	<li>Xung nhịp tối đa: 5.5GHz</li>\n	<li>Số nh&acirc;n: 16 (8 Performance-Cores + 8 Efficient-Cores)</li>\n	<li>Số luồng: 24</li>\n	<li>Nh&acirc;n đồ họa: Intel&reg; UHD Graphics 770</li>\n</ul>\n', '<h3><strong>Đ&aacute;nh gi&aacute; CPU Intel Core i9-12900KS (5.2GHz turbo up to 5.5Ghz, 16 nh&acirc;n 24 luồng, 30MB Cache, 150W) - Socket Intel LGA 1700/Alder Lake)</strong></h3>\n\n<hr />\n<p><strong><img alt=\"\" src=\"https://hanoicomputercdn.com/media/lib/11-07-2022/cpu-intel-core-i9-12900ks-cvc.jpg\" style=\"height:704px; width:700px\" /></strong></p>\n\n<p><strong>CPU Intel Core i9-12900KS</strong>&nbsp;l&agrave; CPU cao cấp nhất trong thế hệ thứ 12 của Intel (Alder Lake) tr&ecirc;n nền Socket LGA 1700 với kiến tr&uacute;c ho&agrave;n to&agrave;n mới cho hiệu năng vượt trội so với người tiền nhiệm.</p>\n\n<p>Đ&acirc;y cũng l&agrave; phi&ecirc;n bản được mở kh&oacute;a (Unlocked) để người d&ugrave;ng c&oacute; thể Overclock gia tăng hiệu năng đ&aacute;ng kể.</p>\n\n<h3><strong>Thế hệ Intel Core i9 thứ 12 c&oacute; n&acirc;ng cấp g&igrave;?</strong>&nbsp;</h3>\n\n<p><img alt=\"\" src=\"https://hanoicomputercdn.com/media/product/65041_cpu_intel_core_i9_12900ks_size.jpg\" style=\"height:850px; width:850px\" /></p>\n\n<p>Hỗ trợ PCI-E Gen 5 mới nhất c&oacute; băng th&ocirc;ng gấp đ&ocirc;i Gen 4</p>\n\n<p>Nh&acirc;n đồ họa t&iacute;ch hợp (tr&ecirc;n c&aacute;c model kh&ocirc;ng c&oacute; k&yacute; tự F) UHD 770 mạnh hơn, c&oacute; khả năng xuất h&igrave;nh đạt độ ph&acirc;n giải 8K.&nbsp;</p>\n\n<p>Sức mạnh được ph&acirc;n bổ th&agrave;nh 2 loại Cores kh&aacute;c nhau: Performance-cores &amp; Efficient-cores. Trong đ&oacute; Performance-cores l&agrave; c&aacute;c nh&acirc;n hiệu năng cao cho ph&eacute;p xử l&yacute; c&aacute;c t&aacute;c vụ t&iacute;nh to&aacute;n cần nhiều sức mạnh. Efficient-cores sẽ đảm nhiệm c&aacute;c nhiệm vụ cần &iacute;t sức mạnh hơn, kh&ocirc;ng ảnh hưởng đến c&aacute;c nh&acirc;n hiệu năng cao từ đ&oacute; đẩy sức mạnh xử l&yacute; tổng thể của to&agrave;n hệ thống l&ecirc;n rất nhiều so với kiến tr&uacute;c chỉ c&oacute; 1 loại nh&acirc;n xử l&yacute; tất cả c&aacute;c t&aacute;c vụ như truyền thống.</p>\n\n<h3><strong>Khả năng &eacute;p xung hiệu quả</strong></h3>\n\n<p><strong><img alt=\"\" src=\"https://hanoicomputercdn.com/media/lib/11-07-2022/cpu-intel-core-i9-12900ks-mota3.jpg\" style=\"height:750px; width:1000px\" /></strong></p>\n\n<h3><strong>T&iacute;nh tương th&iacute;ch</strong></h3>\n\n<p><strong><img alt=\"\" src=\"https://hanoicomputercdn.com/media/lib/11-07-2022/cpu-intel-core-i9-12900ks-mota2.jpg\" style=\"height:750px; width:1000px\" /></strong></p>\n\n<h3><strong>Intel Core i9 d&agrave;nh cho ai?&nbsp;</strong></h3>\n\n<p>Như đ&atilde; n&oacute;i, CPU Intel Core i9-12900KS l&agrave; mẫu CPU cao cấp nhất của Intel, được mệnh danh &quot; CPU nhanh nhất thế giới&quot;. 12900KS sở hữu 16 nh&acirc;n 24 luồng với kiến tr&uacute;c hybrid, xung nhịp mặc định ở mức 3.4GHz c&oacute; thể tăng l&ecirc;n đến mức 5.5GHz v&agrave; c&ocirc;ng nghệ ph&acirc;n luồng Hyper-Threading, i9-12900KS đem lại hiệu quả xử l&yacute; vượt trội từ nhẹ đến nặng như render, AICore i9 sẽ ph&ugrave; hợp cho c&aacute;c bộ cao cấp, phục vụ mục đ&iacute;ch Stream, Gaming hoặc l&agrave;m việc với c&aacute;c phần mềm chuy&ecirc;n dụng.</p>\n\n<p><img alt=\"\" src=\"https://hanoicomputercdn.com/media/lib/06-04-2022/cpu-intel-core-i9-12900ks-mo-ta3.jpg\" style=\"height:514px; width:1000px\" /></p>\n\n<p>&nbsp;</p>\n', 20999000, 21, 1, 10),
(1, 'CPU Intel Core i5-10400F', 'LK03', '1683283607_intel_core_i5_10400.jpg', '<ul>\n	<li>D&ograve;ng Core i thế hệ thứ 10 d&agrave;nh cho m&aacute;y b&agrave;n của Intel</li>\n	<li>6 nh&acirc;n &amp; 12 luồng</li>\n	<li>Xung nhịp: 2.9GHz (Cơ bản) / 4.3GHz (Boost)</li>\n	<li>Socket: LGA1200</li>\n	<li>Đ&atilde; k&egrave;m sẵn tản nhiệt h&atilde;ng</li>\n	<li>Kh&ocirc;ng t&iacute;ch hợp sẵn iGPU</li>\n</ul>\n', '<h3><strong>Đ&aacute;nh gi&aacute; CPU Intel Core i5-10400F Hiệu suất cao, xứng đ&aacute;ng để n&acirc;ng cấp</strong></h3>\n\n<hr />\n<h3><strong>Chiếc i5 c&oacute; mức gi&aacute; dễ chịu nhấ</strong>t</h3>\n\n<p>Ph&acirc;n kh&uacute;c CPU tầm trung sẽ chẳng c&ograve;n y&ecirc;n ả với sự xuất hiện của Intel Core i5-10400F,&nbsp;tiếp tục truyền thống l&agrave; chiếc i5 gi&aacute; rẻ nhất của 9400F hồi năm ngo&aacute;i, kh&ocirc;ng ngạc nhi&ecirc;n nếu 10400F dẫn đầu top những sản phẩm b&aacute;n chạy của shop.</p>\n\n<p><img alt=\"\" src=\"https://hanoicomputercdn.com/media/product/52365_cpu_intel_core_i5_10400f_2_9ghz_turbo_up_to_4_3ghz_6_nhan_12_luong_12mb_cache_65w_socket_intel_lga_1200_111.jpg\" style=\"height:750px; width:1000px\" /></p>\n\n<h3><strong>Mức gi&aacute; hấp dẫn kh&ocirc;ng thể chối từ</strong></h3>\n\n<p>6 nh&acirc;n 12 luồng chỉ c&ograve;n loanh quanh trong mức gi&aacute; khoảng 4 triệu, c&aacute;ch đ&acirc;y khoảng 2 năm đ&acirc;y c&ograve;n l&agrave; điều kh&ocirc;ng tưởng khi i7-8700 ra đời. Nhưng hiện taị mọi chuyện đ&atilde; thay đổi khi Intel đ&atilde; ch&iacute;nh thức bước v&agrave;o cuộc đua về th&ocirc;ng số v&agrave; gi&aacute; cả với đối thủ truyền kiếp AMD, cơ hội để bạn sở hữu một d&agrave;n m&aacute;y chất lượng ch&iacute;nh l&agrave; thời điểm hiện tại.</p>\n\n<h3><strong>Thuần game, gọi t&ecirc;n 10400F</strong></h3>\n\n<p>Những game thủ sẽ rất th&iacute;ch th&uacute; trước viễn cảnh c&oacute; thể livestream hay chơi c&aacute;c tựa game AAA trong v&ograve;ng 2-3 năm nữa m&agrave; kh&ocirc;ng cần nh&igrave;n cấu h&igrave;nh, tại sao kh&ocirc;ng khi hiện nay những game ăn phần cứng nhất đều y&ecirc;u cầu một d&agrave;n m&aacute;y c&oacute; CPU 6 nh&acirc;n thực trở l&ecirc;n?</p>\n\n<h3><strong>Dễ d&agrave;ng lựa chọn linh kiện</strong></h3>\n\n<p>Dễ t&iacute;nh nhất trong số c&aacute;c CPU hiệu suất cao lần n&agrave;y của Intel, 10400F c&oacute; thể chạy tốt tr&ecirc;n c&aacute;c bo mạch chủ B460 gi&aacute; rẻ v&agrave; chỉ cần tản nhiệt đi k&egrave;m từ h&atilde;ng l&agrave; c&oacute; thể bon bon về đ&iacute;ch. Chi ph&iacute; tối thiểu nhưng hiệu suất phải l&agrave; tối đa, Intel đang lắng nghe người d&ugrave;ng của m&igrave;nh hơn bao giờ hết.</p>\n\n<p><img alt=\"\" src=\"https://hanoicomputercdn.com/media/product/52365_cpu_intel_core_i5_10400f_2_9ghz_turbo_up_to_4_3ghz_6_nhan_12_luong_12mb_cache_65w_socket_intel_lga_1200_333.jpg\" style=\"height:750px; width:1000px\" /></p>\n\n<h3><strong>Stream sẽ kh&ocirc;ng c&ograve;n l&agrave; trở ngại</strong></h3>\n\n<p>Điều khiến i5-9400F &ndash; tiền nhiệm của 10400F trở n&ecirc;n mất điểm trong mắt nhiều người d&ugrave;ng ch&iacute;nh l&agrave; khả năng g&aacute;nh v&aacute;c việc stream tr&ecirc;n nhiều nền tảng của n&oacute; kh&ocirc;ng được tốt lắm. Kể cả khi được hỗ trợ bởi một &ldquo;rổ&rdquo; RAM, n&oacute; vẫn kh&aacute; chật vật khi phải stream tr&ecirc;n con số 3 nền tảng, trong khi đ&oacute;, đối thủ AMD Ryzen 5 3600 lại tỏ ra sung sức. Giữa thời buổi nh&agrave; nh&agrave; stream, người người stream như thế n&agrave;y th&igrave; đ&acirc;y kh&ocirc;ng phải l&agrave; c&aacute;i g&igrave; đ&oacute; th&uacute; vị v&agrave; 10400F với th&ocirc;ng số kỹ thuật rất tốt hứa hẹn sẽ sửa chữa sai lầm n&agrave;y.</p>\n\n<h3><strong>Th&ocirc;ng số l&yacute; tưởng</strong></h3>\n\n<p>6 nh&acirc;n 12 luồng, mức xung mặc định 2.9GHz v&agrave; c&oacute; thể l&ecirc;n đến 4.3GHz nhờ c&ocirc;ng ngh&ecirc; Turbo Boost 2.0, cache 12MB thật sự l&agrave; một m&oacute;n hời trong tầm gi&aacute; với những người d&ugrave;ng cơ bản.</p>\n\n<h3><strong>Intel Core i5-10400F sẽ d&agrave;nh cho ai?</strong></h3>\n\n<p>C&aacute;c gamer sẽ đặc biệt h&agrave;i l&ograve;ng với 10400F, c&ograve;n những người l&agrave; d&acirc;n văn ph&ograve;ng, nh&agrave; s&aacute;ng tạo nội dung th&igrave; h&atilde;y chọn sang 10400, 10500 hoặc 10600 để thỏa m&atilde;n nhu cầu l&agrave;m việc của m&igrave;nh.</p>\n', 3799000, 20, 1, 9),
(1, 'Mainboard MSI PRO Z790-P WIFI DDR4', 'LK04', '1683283380_LK04.jpg', '<ul>\r\n	<li>Hỗ trợ CPU Intel thế hệ thứ 12 v&agrave; 13</li>\r\n	<li>Socket: LGA1700 , Chipset: Z790</li>\r\n	<li>Hỗ trợ RAM: 4 khe DDR4, tối đa 128Gb</li>\r\n	<li>Chuẩn mainboard: ATX</li>\r\n</ul>\r\n', '<h3><strong>Đ&aacute;nh gi&aacute; Mainboard MSI PRO Z790-P WIFI DDR4</strong></h3>\r\n\r\n<hr />\r\n<p><strong><img alt=\"\" src=\"https://hanoicomputercdn.com/media/lib/29-10-2022/mainboard-msi-pro-z790-p-wifi-ddr4-mota2.jpg\" style=\"height:423px; width:1000px\" /></strong></p>\r\n\r\n<p>L&agrave; bo mạch thủ&nbsp;mới nhất với chipset Z790 nhằm hỗ trợ tối đa hiệu năng của CPU intel thế hệ thứ 13.&nbsp;Bo mạch chủ Z790 của MSI sở hữu c&aacute;c linh kiện cấp điện mạnh mẽ cho ph&eacute;p người d&ugrave;ng quyền năng v&agrave; c&aacute;c &eacute;p xung thủ khai th&aacute;c được tối đa sức mạnh phần cứng m&agrave; kh&ocirc;ng ảnh hưởng đến độ ổn định hệ thống</p>\r\n\r\n<p>Chipset Z790 hỗ trợ cho cả c&aacute;c vi xử l&yacute; Intel thế hệ thứ 12 v&agrave; 13, nhờ v&agrave;o việc vẫn tiếp tục sử dụng socket LGA1700 của Intel. Điều n&agrave;y cho ph&eacute;p bạn lắp đặt c&aacute;c vi xử l&yacute; Intel Core cả thế hệ 12 lẫn 13 tr&ecirc;n bo mạch chủ Z790 m&agrave; kh&ocirc;ng gặp bất kỳ rắc rối n&agrave;o.</p>\r\n\r\n<p><img alt=\"\" src=\"https://hanoicomputercdn.com/media/lib/29-10-2022/mainboard-msi-pro-z790-p-wifi-ddr4-mota1.jpg\" style=\"height:596px; width:1000px\" /></p>\r\n\r\n<p>Mainboard MSI PRO Z790-P WIFI DDR4 mang đến cho người d&ugrave;ng 1 lựa chọn ho&agrave;n hảo, tối ưu chi ph&iacute; với việc sử dụng bộ nhớ DDR4. Ngo&agrave;i ra Mainboard MSI PRO Z790-P WIFI DDR4 c&ograve;n được trang bị nhiều c&ocirc;ng nghệ mới v&agrave; độc quyền đến từ MSI:</p>\r\n\r\n<p>Hỗ trợ bộ vi xử l&yacute; Intel &reg; Core &trade;, Pentium &reg; Gold v&agrave; Celeron &reg; thế hệ thứ 12/13 cho socket LGA 1700</p>\r\n\r\n<p>Hỗ trợ bộ nhớ DDR4, k&ecirc;nh đ&ocirc;i DDR4 5333 + MHz (OC)</p>\r\n\r\n<p>Thiết kế nguồn n&acirc;ng cao: DRPS 14 + 1 + 1 với 55A DrMOS, đầu nối nguồn CPU 8 ch&acirc;n k&eacute;p, Core Boost, Memory Boost</p>\r\n\r\n<p>Giải ph&aacute;p tản nhiệt cao cấp: Tản nhiệt mở rộng, miếng tản nhiệt MOSFET được xếp hạng 7W / mK, miếng tản nhiệt bổ sung v&agrave; M.2 Shield Frozr được x&acirc;y dựng cho hệ thống hiệu suất cao v&agrave; trải nghiệm chơi game kh&ocirc;ng ngừng</p>\r\n\r\n<p>Chất lượng cao PCB: PCB 6 lớp được l&agrave;m bằng đồng d&agrave;y 2oz v&agrave; vật liệu cấp m&aacute;y chủ</p>\r\n\r\n<p>Trải nghiệm game Lightning Fast: khe cắm PCIe 5.0, Lightning Gen 4 x4 M.2, USB 3.2 Gen 2x2</p>\r\n\r\n<p>Intel Turbo USB 3.2 Gen 2: Được hỗ trợ bởi bộ điều khiển Intel USB 3.2 Gen2, Turbo USB đảm bảo kết nối kh&ocirc;ng bị gi&aacute;n đoạn với độ ổn định cao hơn v&agrave; tốc độ USB nhanh nhất</p>\r\n\r\n<p>Mạng LAN 2,5G với Giải ph&aacute;p Wi-Fi 6E: Giải ph&aacute;p mạng được n&acirc;ng cấp để sử dụng chuy&ecirc;n nghiệp v&agrave; đa phương tiện. Cung cấp kết nối mạng an to&agrave;n, ổn định v&agrave; nhanh ch&oacute;ng</p>\r\n\r\n<p>AUDIO BOOST: Thưởng cho đ&ocirc;i tai của bạn với chất lượng &acirc;m thanh cấp ph&ograve;ng thu để c&oacute; trải nghiệm chơi game đắm ch&igrave;m nhất.</p>\r\n\r\n<p><img alt=\"\" src=\"https://hanoicomputercdn.com/media/lib/29-10-2022/mainboard-msi-pro-z790-p-wifi-ddr4-mota3.jpg\" style=\"height:596px; width:1000px\" /></p>\r\n\r\n<p>Giải ph&aacute;p mạng cao cấp của MSI cung cấp tốc độ truyền dữ liệu đ&aacute;ng kinh ngạc cho những người d&ugrave;ng kh&oacute; t&iacute;nh.</p>\r\n\r\n<p>Wi-Fi 6E</p>\r\n\r\n<p>Bluetooth 5.2</p>\r\n\r\n<p>Mạng LAN 2,5G</p>\r\n\r\n<p><strong>PCIe 5.0 :&nbsp;</strong>Chuẩn PCIe 5.0 thế hệ mới gấp hai lần băng th&ocirc;ng của thế hệ PCIe 4.0. Điều n&agrave;y kh&ocirc;ng chỉ k&iacute;ch hoạt thế hệ thiết bị lưu trữ mới với tốc độ đọc/ghi si&ecirc;u nhanh, m&agrave; n&oacute; c&ograve;n chuẩn bị sẵn s&agrave;ng cho PC của bạn đ&oacute;n ch&agrave;o một kỷ nguy&ecirc;n card đồ họa mới.</p>\r\n\r\n<p>Mainboard MSI PRO Z790-P WIFI DDR4 kết nối với cổng HDMI v&agrave; DisplayPort</p>\r\n\r\n<p>Mainboard MSI PRO Z790-P WIFI DDR4 được gh&eacute;p nối với pha nguồn DRPS l&ecirc;n đến 14 + 1 + 1 cũng như khe cắm PCIe Lightning Gen 5.0, M.2 Shield Frozr, 2.5G LAN v&agrave; Wi-Fi 6E cũng như Loại Lightning USB 3.2 Gen 2&times;2 -Kết nối để gi&uacute;p cung cấp cho bạn tất cả băng th&ocirc;ng cần thiết v&agrave; hiệu suất để thoải m&aacute;i th&ocirc;ng qua c&aacute;c t&aacute;c vụ c&ocirc;ng việc h&agrave;ng ng&agrave;y. D&ograve;ng PRO sẽ c&oacute; sẵn 6 mẫu để lựa chọn từ phi&ecirc;n bản DDR5 hoặc DDR4 v&agrave; phi&ecirc;n bản Wi-Fi hoặc kh&ocirc;ng Wi-Fi.</p>\r\n\r\n<p><img alt=\"\" src=\"https://hanoicomputercdn.com/media/lib/29-10-2022/mainboard-msi-pro-z790-p-wifi-ddr4-mota4.jpg\" style=\"height:596px; width:1000px\" /></p>\r\n', 8099000, 5, 1, 15),
(1, 'Mainboard Asus ROG STRIX B660-I GAMING WIFI', 'LK05', '1683283629_LK05.jpg', '<ul>\r\n	<li>Chipset: Intel B660</li>\r\n	<li>Socket: Intel LGA 1700</li>\r\n	<li>Số khe RAM: 2 (DDR5)</li>\r\n	<li>K&iacute;ch thước: iTX</li>\r\n	<li>T&iacute;ch hợp sẵn Wifi &amp; Bluetooth</li>\r\n</ul>\r\n', '<h3><strong>Đ&aacute;nh gi&aacute; Mainboard Asus ROG STRIX B660-I GAMING WIFI</strong></h3>\r\n\r\n<hr />\r\n<p><strong>&nbsp;</strong><strong>Asus ROG STRIX B660-I GAMING WIFI</strong>&nbsp;l&agrave; d&ograve;ng bo mạch chủ chipset B660 tầm trung, ph&ugrave; hợp với c&aacute;c vi xử l&yacute; Pentium, Celeron,i3 &amp; i5 hoặc i7,i9 non K thế hệ Alder Lake.</p>\r\n\r\n<p>Đ&acirc;y l&agrave; bo mạch chủ k&iacute;ch thước iTX, phục vụ cho c&aacute;c bộ PC y&ecirc;u cầu k&iacute;ch thước nhỏ gọn.&nbsp;</p>\r\n\r\n<p><img alt=\"\" src=\"https://hanoicomputercdn.com/media/lib/24-08-2022/mainboard-asus-rog-strix-b660-i-gaming-wifi-mota2.jpg\" style=\"height:607px; width:1000px\" /></p>\r\n\r\n<h3><strong>T&iacute;nh năng nổi bật</strong></h3>\r\n\r\n<p><strong><img alt=\"\" src=\"https://hanoicomputercdn.com/media/lib/24-08-2022/mainboard-asus-rog-strix-b660-i-gaming-wifi-mota3.jpg\" style=\"height:687px; width:1000px\" /></strong></p>\r\n\r\n<p><strong><img alt=\"\" src=\"https://hanoicomputercdn.com/media/lib/24-08-2022/mainboard-asus-rog-strix-b660-i-gaming-wifi-mota7.jpg\" style=\"height:519px; width:1000px\" /></strong></p>\r\n\r\n<p><strong><img alt=\"\" src=\"https://hanoicomputercdn.com/media/lib/24-08-2022/mainboard-asus-rog-strix-b660-i-gaming-wifi-mota8.jpg\" style=\"height:566px; width:1000px\" /></strong></p>\r\n\r\n<p><strong><img alt=\"\" src=\"https://hanoicomputercdn.com/media/lib/24-08-2022/mainboard-asus-rog-strix-b660-i-gaming-wifi-mota4.jpg\" style=\"height:678px; width:1000px\" /></strong></p>\r\n\r\n<p><strong><img alt=\"\" src=\"https://hanoicomputercdn.com/media/lib/24-08-2022/mainboard-asus-rog-strix-b660-i-gaming-wifi-mota9.jpg\" style=\"height:779px; width:1000px\" /></strong></p>\r\n\r\n<p><strong><img alt=\"\" src=\"https://hanoicomputercdn.com/media/lib/24-08-2022/mainboard-asus-rog-strix-b660-i-gaming-wifi-mota10.jpg\" style=\"height:549px; width:1000px\" /></strong></p>\r\n\r\n<p><strong><img alt=\"\" src=\"https://hanoicomputercdn.com/media/lib/24-08-2022/mainboard-asus-rog-strix-b660-i-gaming-wifi-mota11.jpg\" style=\"height:619px; width:1000px\" /></strong></p>\r\n\r\n<p><strong><img alt=\"\" src=\"https://hanoicomputercdn.com/media/lib/24-08-2022/mainboard-asus-rog-strix-b660-i-gaming-wifi-mota5.jpg\" style=\"height:669px; width:1000px\" /></strong></p>\r\n\r\n<p><strong><img alt=\"\" src=\"https://hanoicomputercdn.com/media/lib/24-08-2022/mainboard-asus-rog-strix-b660-i-gaming-wifi-mota1.jpg\" style=\"height:516px; width:1000px\" /></strong></p>\r\n', 6299000, 30, 1, 11),
(2, 'Màn hình Asus ProArt PA278QV', 'MH01', '1683283644_MH01.jpg', '<ul>\n	<li>M&agrave;n h&igrave;nh IPS 27-inch WQHD (2560x 1440) với thiết kế kh&ocirc;ng khung viền</li>\n	<li>Ti&ecirc;u chuẩn m&agrave;u quốc tế đạt 100% phổ m&agrave;u sRGB v&agrave; 100% phổ m&agrave;u Rec.709</li>\n	<li>M&agrave;n h&igrave;nh đạt chứng nhận Calman Verified nhờ được hiệu chuẩn trước khi xuất xưởng để mang lại độ ch&iacute;nh x&aacute;c m&agrave;u tuyệt vời Delta E &lt; 2</li>\n	<li>C&aacute;c t&iacute;nh năng ProArt Preset v&agrave; ProArt Palette độc quyền của ASUS cung cấp nhiều loại th&ocirc;ng số m&agrave;u sắc c&oacute; thể điều chỉnh</li>\n	<li>Tốc độ l&agrave;m tươi 75Hz v&agrave; c&ocirc;ng nghệ Adaptive-Sync (48 ~ 75Hz) gi&uacute;p đ&aacute;p ứng c&aacute;c pha h&agrave;nh động nhanh v&agrave; loại bỏ hiện tượng x&eacute; h&igrave;nh</li>\n	<li>Khả năng kết nối đa dạng để mang lại cho bạn sự linh hoạt tối đa, bao gồm c&aacute;c cổng Mini DisplayPort, DisplayPort, HDMI, Dual-link DVI-D, Audio in, giắc cắm tai nghe, c&ugrave;ng với bốn cổng USB 3.0</li>\n	<li>Ch&acirc;n đế tiện dụng với c&aacute;c khả năng điều chỉnh độ nghi&ecirc;ng, độ quay, độ xoay v&agrave; chiều cao để mang lại trải nghiệm xem thoải m&aacute;i, c&ugrave;ng với khả năng hỗ trợ gi&aacute; treo chuẩn VESA</li>\n</ul>\n', '<h3><strong>Đ&aacute;nh gi&aacute; M&agrave;n h&igrave;nh Asus ProArt PA278QV&nbsp;</strong></h3>\n\n<hr />\n<p><strong><img alt=\"\" src=\"https://hanoicomputercdn.com/media/product/58238_man_hinh_asus_proart_pa278cv_1.png\" style=\"height:850px; width:850px\" /></strong></p>\n\n<h3><strong>Thiết kế</strong></h3>\n\n<p>L&agrave; chiếc m&agrave;n h&igrave;nh phẳng mới đến từ ASUS với thiết kế hiện đại, được thiết kế để đ&aacute;p ứng nhu cầu của c&aacute;c chuy&ecirc;n gia s&aacute;ng tạo, từ chỉnh sửa ảnh v&agrave; video cho đến thiết kế đồ họa.</p>\n\n<p>Thiết kế khớp xoay tiện lợi với khả năng điều chỉnh chiều cao, trục xoay, độ nghi&ecirc;ng gi&uacute;p bạn l&agrave;m việc s&aacute;ng tạo v&agrave; dễ d&agrave;ng hơn.</p>\n\n<p><img alt=\"\" src=\"https://hanoicomputercdn.com/media/lib/53211_PA278QV1.jpg\" style=\"height:1000px; width:1000px\" /></p>\n\n<h3><strong>Đa dạng m&agrave;u sắc, t&aacute;i hiện sinh động</strong></h3>\n\n<p>M&agrave;n h&igrave;nh ProArt cung cấp 100% sRGB ti&ecirc;u chuẩn c&ocirc;ng nghiệp v&agrave; 100% Rec.</p>\n\n<p>Gam m&agrave;u 709 cho khả năng t&aacute;i tạo phong ph&uacute;, đảm bảo mọi chi tiết đều được t&aacute;i hiện sắc n&eacute;t, rực rỡ.</p>\n\n<p><img alt=\"\" src=\"https://hanoicomputercdn.com/media/lib/53211_PA278QV2.jpg\" style=\"height:1000px; width:1000px\" /></p>\n\n<h3><strong>Độ trung thực m&agrave;u cao</strong></h3>\n\n<p>Đạt được ∆E v&igrave; vậy h&igrave;nh ảnh của bạn được t&aacute;i tạo ch&iacute;nh x&aacute;c tr&ecirc;n m&agrave;n h&igrave;nh - cho ph&eacute;p bạn xem ch&iacute;nh x&aacute;c c&ocirc;ng việc của bạn sẽ như thế n&agrave;o khi kết th&uacute;c.</p>\n\n<p><img alt=\"\" src=\"https://hanoicomputercdn.com/media/lib/53211_PA278QV3.jpg\" style=\"height:1000px; width:1000px\" /></p>\n\n<h3><strong>Độ chuẩn m&agrave;u được cam kết</strong></h3>\n\n<p>Được đạt chứng nhận Calman để đảm bảo độ ch&iacute;nh x&aacute;c m&agrave;u h&agrave;ng đầu. Mỗi m&agrave;n h&igrave;nh ProArt đều trải qua qu&aacute; tr&igrave;nh kiểm tra nghi&ecirc;m ngặt, tỉ mỉ để đảm bảo sự chuyển m&agrave;u mượt m&agrave; hơn.</p>\n\n<h3><strong>ASUS ProArt Palette</strong></h3>\n\n<p>Cho ph&eacute;p bạn t&ugrave;y chỉnh m&agrave;n h&igrave;nh&nbsp;của m&igrave;nh th&ocirc;ng qua một loạt c&aacute;c th&ocirc;ng số, bao gồm m&agrave;u sắc, điều chỉnh nhiệt độ v&agrave; gamma &nbsp;th&ocirc;ng qua c&aacute;c menu tr&ecirc;n m&agrave;n h&igrave;nh trực quan.</p>\n\n<p><img alt=\"\" src=\"https://hanoicomputercdn.com/media/lib/53211_PA278QV5.jpg\" style=\"height:1000px; width:1000px\" /></p>\n\n<h3><strong>Kết nối phong ph&uacute;</strong></h3>\n\n<p>Trang bị c&aacute;c cổng kết nối đa dạng như DisplayPort 1.2, HDMI (v1.4), cổng D-Sub v&agrave; bộ chia USB t&iacute;ch hợp dễ d&agrave;ng kết nối với nhiều loại thiết bị v&agrave; tận hưởng tốc độ truyền cực nhanh với bộ nhớ ngo&agrave;i.</p>\n\n<p><img alt=\"\" src=\"https://hanoicomputercdn.com/media/lib/53211_PA278QV6.jpg\" style=\"height:1000px; width:1000px\" /></p>\n\n<p>&nbsp;</p>\n', 9999000, 20, 1, 20),
(2, 'Màn hình Edra EGM32KF2ER', 'MH02', '1683489115_MH02.jpg', '<ul>\n	<li>M&agrave;u sắc: Đen</li>\n	<li>Loại m&agrave;n h&igrave;nh: M&agrave;n h&igrave;nh phẳng</li>\n	<li>Tỉ lệ: 16:9</li>\n	<li>K&iacute;ch thước: 31.5 inch</li>\n	<li>Tấm nền: IPS</li>\n	<li>Độ ph&acirc;n giải: QHD (2560 x 1440)</li>\n	<li>Tốc độ l&agrave;m mới: 144Hz</li>\n	<li>Thời gian đ&aacute;p ứng: 1ms (MPRT)</li>\n	<li>Độ s&aacute;ng tối đa: 350cd/m2</li>\n	<li>99%sRGB, 85% NTSC</li>\n	<li>Hỗ trợ HDR400</li>\n	<li>VESA: 75x75mm</li>\n	<li>LED RGB mặt sau</li>\n	<li>Hỗ trợ Adaptive Sync (Compatible with GSync v&agrave; Freesync)</li>\n	<li>Cổng kết nối: 1xDisplay Port 1.2 + 2xHDMI 1.4 + 1 HDMI 2.0 + 1xAudio out.</li>\n	<li>Ch&acirc;n xoay(Ajusable Stand) gi&uacute;p m&agrave;n h&igrave;nh trở n&ecirc;n linh hoạt hơn. Tối đa xoay 90 độ.</li>\n</ul>\n', '<h3><strong>Đ&aacute;nh gi&aacute; M&agrave;n h&igrave;nh Edra EGMKF2ER ch&iacute;nh h&atilde;ng, sắc n&eacute;t, h&igrave;nh ảnh sống động</strong></h3>\n\n<hr />\n<p>Trong v&agrave;i năm trở lại đ&acirc;y, c&aacute;i t&ecirc;n E-Dra, một thương hiệu của người Việt đ&atilde; v&agrave; đang l&agrave;m mưa l&agrave;m gi&oacute; tr&ecirc;n thi trường với c&aacute;c sản phẩm phụ kiện m&aacute;y t&iacute;nh ở ph&acirc;n kh&uacute;c mid-end. C&oacute; thể kể đến một số như ghế chơi game, b&agrave;n ph&iacute;m chuột gaming, vỏ m&aacute;y t&iacute;nh, &hellip; E-Dra đang c&oacute; tham vọng chiếm lĩnh to&agrave;n bộ thị phần ở ph&acirc;n kh&uacute;c n&agrave;y. Tr&ecirc;n đ&agrave; ph&aacute;t triển đ&oacute;, E-Dra cũng đ&atilde; cho ra mắt m&agrave;n h&igrave;nh chơi game đầu ti&ecirc;n của m&igrave;nh với c&aacute;c th&ocirc;ng số rất ấn tượng, đ&aacute;ng ch&uacute; &yacute; nhất phải kể đến tấm nền IPS 144hz được cung cấp bởi Sharp. Đơn cử trong đ&oacute; ch&iacute;nh l&agrave; <strong>m&agrave;n h&igrave;nh Edra EGM32KF2ER</strong></p>\n\n<p><strong><img alt=\"\" src=\"https://hanoicomputercdn.com/media/lib/13-05-2022/mn_hnh_edra_egm32kf2er_1.jpg\" style=\"height:563px; width:1000px\" /></strong></p>\n\n<p><strong><img alt=\"\" src=\"https://hanoicomputercdn.com/media/lib/13-05-2022/mn_hnh_edra_egm32kf2er_2.jpg\" style=\"height:563px; width:1000px\" /></strong></p>\n\n<p><strong><img alt=\"\" src=\"https://hanoicomputercdn.com/media/lib/13-05-2022/mn_hnh_edra_egm32kf2er_4.jpg\" style=\"height:563px; width:1000px\" /></strong></p>\n\n<p><strong><img alt=\"\" src=\"https://hanoicomputercdn.com/media/lib/13-05-2022/mn_hnh_edra_egm32kf2er_5.jpg\" style=\"height:563px; width:1000px\" /></strong></p>\n\n<p><strong><img alt=\"\" src=\"https://hanoicomputercdn.com/media/lib/13-05-2022/mn_hnh_edra_egm32kf2er_3.jpg\" style=\"height:563px; width:1000px\" /></strong></p>\n\n<p><strong><img alt=\"\" src=\"https://hanoicomputercdn.com/media/lib/13-05-2022/mn_hnh_edra_egm32kf2er_8.jpg\" style=\"height:563px; width:1000px\" /></strong></p>\n\n<p><strong><img alt=\"\" src=\"https://hanoicomputercdn.com/media/lib/13-05-2022/mn_hnh_edra_egm32kf2er_7.jpg\" style=\"height:563px; width:1000px\" /></strong></p>\n', 10999000, 10, 1, 25),
(2, 'Màn hình Edra EGM27F1', 'MH03', '1683283687_MH03.jpg', '<ul>\n	<li>Loại m&agrave;n h&igrave;nh: M&agrave;n h&igrave;nh phẳng</li>\n	<li>Tỉ lệ: 16:9</li>\n	<li>K&iacute;ch thước: 27 inch</li>\n	<li>Tấm nền: IPS</li>\n	<li>Độ ph&acirc;n giải: FHD (1920x1080)</li>\n	<li>Tốc độ l&agrave;m mới: 165Hz</li>\n	<li>Thời gian đ&aacute;p ứng: 1ms (MPRT)</li>\n	<li>Độ s&aacute;ng tối đa: 400cd/m2</li>\n	<li>99% sRGB</li>\n	<li>VESA: 100x100mm</li>\n	<li>Hỗ trợ Adaptive Sync (Compatible with GSync v&agrave; Freesync)</li>\n	<li>Cổng kết nối: 1xDisplay Port + 2xHDMI</li>\n</ul>\n', '<h3><strong>Đ&aacute;nh gi&aacute; M&agrave;n h&igrave;nh Edra EGM27F1</strong></h3>\n\n<hr />\n<p style=\"text-align:center\">Đang cập nhật ...</p>\n', 4099000, 21, 1, 5),
(2, 'Màn hình Dell P3223QE', 'MH04', '1683283702_MH04.jpg', '<ul>\r\n	<li>K&iacute;ch thước 31.5 inch</li>\r\n	<li>Độ ph&acirc;n giải UHD 3840x2160</li>\r\n	<li>Tấm nền: IPS</li>\r\n	<li>Tần số qu&eacute;t: 60Hz</li>\r\n	<li>Thời gian phản hồi: 5ms</li>\r\n	<li>Tỉ lệ tương phản 1000:1</li>\r\n	<li>Dải m&agrave;u 1.07 tỉ m&agrave;u</li>\r\n	<li>Độ s&aacute;ng: 350 nits</li>\r\n	<li>Cổng kết nối: HDMI, DisplayPort, USB, Type-C, LAN</li>\r\n</ul>\r\n', '<h3><strong>Đ&aacute;nh gi&aacute; M&agrave;n h&igrave;nh Dell P3223QE&nbsp;</strong></h3>\r\n\r\n<hr />\r\n<p><strong>Lưu &yacute;:&nbsp;</strong><em>B&agrave;i viết v&agrave; h&igrave;nh ảnh chỉ c&oacute; t&iacute;nh chất tham khảo v&igrave; cấu h&igrave;nh v&agrave; đặc t&iacute;nh sản phẩm c&oacute; thể thay đổi theo thị trường v&agrave; từng phi&ecirc;n bản. Qu&yacute; kh&aacute;ch cần cấu h&igrave;nh cụ thể vui l&ograve;ng xem bảng th&ocirc;ng số kĩ thuật hoặc hỏi kinh doanh trước khi mua.&nbsp;</em></p>\r\n\r\n<h3><strong>Tổng quan về m&agrave;n</strong></h3>\r\n\r\n<p>Nằm trong d&ograve;ng <strong>Dell Professional,&nbsp;</strong>m&agrave;n h&igrave;nh được thiết kế linh hoạt, thanh tho&aacute;t. M&agrave;n h&igrave;nh được trang bị nhiều t&iacute;nh năng khiến đại đa số người d&ugrave;ng cảm thấy h&agrave;i l&ograve;ng trong từng khung h&igrave;nh. Ph&ugrave; hợp với c&aacute;c t&aacute;c vụ văn ph&ograve;ng đến giải tr&iacute; th&ocirc;ng thường. Vẻ ngo&agrave;i b&oacute;ng bảy với viền m&agrave;n h&igrave;nh si&ecirc;u mỏng th&ecirc;m phần hấp dẫn tr&ecirc;n b&agrave;n l&agrave;m việc. Thời gian phản hồi 8ms c&ugrave;ng tần số qu&eacute;t 60Hz đồng nghĩa với việc đ&acirc;y kh&ocirc;ng l&agrave; m&agrave;n d&agrave;nh cho gaming.</p>\r\n\r\n<h3><strong>Số đo, c&acirc;n nặng của m&agrave;n</strong></h3>\r\n\r\n<p><strong><img alt=\"\" src=\"https://hanoicomputercdn.com/media/lib/18-10-2022/man_hinh_dell_p3223qe_mota3.jpg\" style=\"height:500px; width:1000px\" /></strong></p>\r\n\r\n<h3><strong>Ph&ugrave; hợp với mọi g&oacute;c nh&igrave;n</strong></h3>\r\n\r\n<p>Chức năng nghi&ecirc;ng, n&acirc;ng, xoay v&agrave; xoay cho ph&eacute;p bạn điều chỉnh m&agrave;n h&igrave;nh để ph&ugrave; hợp nhất với phong c&aacute;ch của m&igrave;nh. Sắp xếp v&agrave; l&agrave;m gọn g&agrave;ng kh&ocirc;ng gian b&agrave;n l&agrave;m việc của bạn với t&iacute;nh năng quản l&yacute; c&aacute;p. Ngo&agrave;i ra, khả năng gắn VESA của n&oacute; cho ph&eacute;p bạn tối ưu h&oacute;a kh&ocirc;ng gian c&oacute; sẵn trong văn ph&ograve;ng.</p>\r\n\r\n<p><img alt=\"\" src=\"https://hanoicomputercdn.com/media/lib/23-07-2022/man_hinh_dell_p2723qe_mota2.jpg\" style=\"height:500px; width:1000px\" /></p>\r\n\r\n<h3><strong>H&igrave;nh ảnh sắc n&eacute;t, m&agrave;u sắc ch&acirc;n thật</strong></h3>\r\n\r\n<p>Viền m&agrave;n h&igrave;nh si&ecirc;u mỏng NanoEdge mang đến trải nghiệm nh&igrave;n rộng r&atilde;i hơn, đắm ch&igrave;m hơn với m&agrave;n h&igrave;nh lớn hơn trong khung m&aacute;y nhỏ hơn. Sở hữu độ ph&acirc;n giải 4K 3840x2160, tương đương 140ppi. C&ocirc;ng nghệ tấm nền IPS đảm bảo độ ch&iacute;nh x&aacute;c của m&agrave;n h&igrave;nh. Điều n&agrave;y gần như l&agrave; bắt buộc với c&aacute;c t&aacute;c vụ hậu kỳ hoặc thiết kế đồ họa.&nbsp;</p>\r\n\r\n<p><img alt=\"\" src=\"https://hanoicomputercdn.com/media/lib/18-10-2022/man_hinh_dell_p3223qe_mota4.jpg\" style=\"height:667px; width:1000px\" /></p>\r\n\r\n<p>Độ tương phản cao, c&ugrave;ng độ s&aacute;ng ti&ecirc;u chuẩn lu&ocirc;n l&agrave;m h&agrave;i l&ograve;ng thị hiếu người d&ugrave;ng. Gam m&agrave;u hiển thị Adobe RGB, DCI-P3 lần lượt l&agrave; 79% v&agrave; 87%. Suy cho c&ugrave;ng th&igrave; đ&acirc;y cũng l&agrave; điều dễ hiểu. Bởi lẽ sản phẩm kh&ocirc;ng thuộc d&ograve;ng sản phẩm cao cấp. Nếu người d&ugrave;ng kh&ocirc;ng qu&aacute; khắt khe về độ ch&iacute;nh x&aacute;c m&agrave;u sắc th&igrave; P3223QE sẽ l&agrave; sự lựa chọn kh&ocirc;ng hề tệ.</p>\r\n\r\n<p><img alt=\"\" src=\"https://hanoicomputercdn.com/media/lib/23-07-2022/man_hinh_dell_tuong_phan_350.jpg\" style=\"height:559px; width:1000px\" /></p>\r\n\r\n<h3><strong>C&ocirc;ng nghệ bảo vệ mắt</strong></h3>\r\n\r\n<p>C&ocirc;ng nghệ&nbsp;<strong>Flicker-free technology &nbsp;</strong>khử nhấp nh&aacute;y tr&ecirc;n m&agrave;n h&igrave;nh bằng c&aacute;ch sử dụng đ&egrave;n LED để điều chỉnh độ s&aacute;ng, tăng tần số qu&eacute;t nhằm bảo vệ mắt, giảm sự kh&oacute; chịu v&agrave; đau mỏi mắt, đau đầu cho người d&ugrave;ng. C&ocirc;ng nghệ được t&iacute;ch hợp c&aacute;c luồng s&aacute;ng li&ecirc;n tục n&ecirc;n khi nh&igrave;n v&agrave;o m&agrave;n h&igrave;nh, người d&ugrave;ng sẽ lu&ocirc;n thấy được h&igrave;nh ảnh sắc n&eacute;t, sống động hơn m&agrave;n h&igrave;nh b&igrave;nh thường. Đ&oacute; cũng l&agrave; l&yacute; do m&agrave;n h&igrave;nh c&oacute; trang bị c&ocirc;ng nghệ Flicker Free, chất lượng h&igrave;nh ảnh lu&ocirc;n cao hơn m&agrave;n h&igrave;nh b&igrave;nh thường. Giảm &aacute;nh s&aacute;ng xanh bảo vệ thị gi&aacute;c tốt, chống mỏi mắt ngay cả khi ngồi l&acirc;u trước m&agrave;n h&igrave;nh với c&ocirc;ng nghệ&nbsp;<strong>Low Blue Light, ComfortView Plus</strong>.&nbsp;</p>\r\n\r\n<p><img alt=\"\" src=\"https://hanoicomputercdn.com/media/lib/28-06-2022/man_hinh_dell_p2722h_mota6.jpg\" style=\"height:559px; width:1000px\" /></p>\r\n\r\n<h3><strong>Dell Display Manager</strong></h3>\r\n\r\n<p>Với tr&igrave;nh điều kiểu Dell Display, m&agrave;n h&igrave;nh tăng t&iacute;nh l&agrave;m việc đa nhiệm. Gi&uacute;p người cải thiện năng suất l&agrave;m việc, học tập.</p>\r\n\r\n<p><img alt=\"\" src=\"https://hanoicomputercdn.com/media/lib/28-06-2022/man_hinh_dell_p2722h_mota5.jpg\" style=\"height:559px; width:1000px\" /></p>\r\n\r\n<h3><strong>Kết nối đa dụng</strong></h3>\r\n\r\n<p>M&agrave;n h&igrave;nh hỗ trợ đầy đủ c&aacute;c cổng kết nối USB 3.2, Display Port, HDMI, SuperSpeed USB 5 Gbps upstream port, VGA gi&uacute;p bạn dễ d&agrave;ng kết nối với c&aacute;c thiết bị ngoại vi kh&aacute;c. Ngo&agrave;i ra m&agrave;n h&igrave;nh c&ograve;n bổ sung th&ecirc;m hai t&iacute;nh năng cực k&igrave; hay l&agrave; hỗ trợ cổng mạng RJ45, v&agrave; sạc Type-C c&oacute;&nbsp;<strong>c&ocirc;ng suất l&ecirc;n tới 90W</strong>. Cực k&igrave; ph&ugrave; hợp với người d&ugrave;ng muốn kết nối từ laptop sang m&agrave;n h&igrave;nh hiển thị to hơn.</p>\r\n\r\n<p><img alt=\"\" src=\"https://hanoicomputercdn.com/media/lib/18-10-2022/man_hinh_dell_p3223qe_mota2.jpg\" style=\"height:500px; width:1000px\" /></p>\r\n', 14999000, 20, 1, 15),
(2, 'Màn hình Viewsonic VX2728', 'MH05', '1683283725_Mh05.jpg', '<ul>\r\n	<li>K&iacute;ch thước: 27 inch</li>\r\n	<li>Độ ph&acirc;n giải: FHD 1920x1080</li>\r\n	<li>Tấm nền: Fast IPS</li>\r\n	<li>Tần số qu&eacute;t: 165Hz</li>\r\n	<li>Thời gian phản hồi: 0.5ms</li>\r\n	<li>Độ s&aacute;ng: 250cd/m2</li>\r\n	<li>Tỉ lệ tương phản: 1000:1</li>\r\n	<li>Dải m&agrave;u: 16.7 triệu m&agrave;u</li>\r\n	<li>Cổng kết nối: Audio 3.5mm, HDMI 1.4x 2, DisplayPort: 1</li>\r\n	<li>Phụ kiện : DisplayPort , c&aacute;p sạc</li>\r\n</ul>\r\n', '<h3><strong>Đ&aacute;nh gi&aacute; M&agrave;n h&igrave;nh Viewsonic VX2728</strong></h3>\r\n\r\n<hr />\r\n<p style=\"text-align:center\">Đang cập nhật ...</p>\r\n', 5399000, 21, 1, 15),
(5, 'Tai nghe Razer Kaira', 'TN01', '1683283762_TN01.jpg', '<ul>\r\n	<li>Tai nghe Razer Kaira for Xbox</li>\r\n	<li>Chuẩn kết nối: Kh&ocirc;ng d&acirc;y Wireless trực tiếp với m&aacute;y chơi game Xbox / Hoặc kết nối với Windows th&ocirc;ng qua Microsoft XBox Wireless Adapter (PKXB003)</li>\r\n	<li>Razer&trade; TriForce 50mm Drivers mang lại chất &acirc;m chi tiết</li>\r\n	<li>Razer&trade; HyperClear Cardioid Mic n&acirc;ng cao chất lượng cuộc tr&ograve; chuyện</li>\r\n	<li>Đệm tai FlowKnit memory foam mang lại sự thoải m&aacute;i l&acirc;u d&agrave;i</li>\r\n	<li>Tương th&iacute;ch với t&iacute;nh năng Windows Sonic</li>\r\n	<li>Thời lượng pin l&ecirc;n đến 15 giờ sử dụng</li>\r\n</ul>\r\n', '<h3><strong>Đ&aacute;nh gi&aacute; Tai nghe Razer Kaira for Xbox_RZ04-03480100-R3M1</strong></h3>\r\n\r\n<hr />\r\n<p><strong><img alt=\"\" src=\"https://hanoicomputercdn.com/media/lib/25-07-2022/tai-nghe-razer-kaira-for-xbox-rz04-03480100-r3m1-1.jpg\" style=\"height:633px; width:1000px\" /></strong></p>\r\n\r\n<h3><strong>M&agrave;ng loa Razer&trade; TriForce 50mm</strong></h3>\r\n\r\n<p>M&agrave;ng loa độc quyền của Razer mang lại chất lượng &acirc;m thanh s&aacute;ng hơn, chi tiết hơn với &acirc;m bass mạnh mẽ v&agrave; treble phong ph&uacute; hơn</p>\r\n\r\n<p><img alt=\"\" src=\"https://hanoicomputercdn.com/media/lib/25-07-2022/tai-nghe-razer-kaira-for-xbox-rz04-03480100-r3m1-2.jpg\" style=\"height:462px; width:1000px\" /></p>\r\n\r\n<h3><strong>Đệm tai FlowKnit Memory Foam</strong></h3>\r\n\r\n<p>Đệm tai vải dệt tho&aacute;ng kh&iacute;, giảm thiểu mồ h&ocirc;i v&agrave; sự t&iacute;ch tụ nhiệt. Bọt si&ecirc;u mềm gi&uacute;p giảm đ&aacute;ng kể lực kẹp từ 2 b&ecirc;n củ tai mang lại sự thoải m&aacute;i khi đeo l&acirc;u d&agrave;i</p>\r\n\r\n<p><img alt=\"\" src=\"https://hanoicomputercdn.com/media/lib/25-07-2022/tai-nghe-razer-kaira-for-xbox-rz04-03480100-r3m1-4.jpg\" style=\"height:600px; width:1000px\" /></p>\r\n\r\n<h3><strong>Razer&trade; HyperClear Cardioid Mic</strong></h3>\r\n\r\n<p>Micro c&oacute; thể uốn cong được cải tiến chất lượng để thu &acirc;m giọng n&oacute;i tốt hơn, loại bỏ tạp &acirc;m, mang lại chất lượng tốt nhất cho cuộc tr&ograve; chuyện của bạn</p>\r\n\r\n<p><img alt=\"\" src=\"https://hanoicomputercdn.com/media/lib/25-07-2022/tai-nghe-razer-kaira-for-xbox-rz04-03480100-r3m1-3.jpg\" style=\"height:549px; width:1000px\" /></p>\r\n\r\n<h3><strong>Điều khiển dễ d&agrave;ng ngay tr&ecirc;n tai</strong></h3>\r\n\r\n<p>Nằm dưới củ tai tr&aacute;i, c&aacute;c n&uacute;t điều khiển cho ph&eacute;p bạn dễ d&agrave;ng tương t&aacute;c bật tắt mic, chỉnh volume, tinh chỉnh EQ...</p>\r\n\r\n<p><img alt=\"\" src=\"https://hanoicomputercdn.com/media/lib/25-07-2022/tai-nghe-razer-kaira-for-xbox-rz04-03480100-r3m1-5.jpg\" style=\"height:500px; width:1000px\" /></p>\r\n\r\n<p><strong>C&aacute;c t&iacute;nh năng kh&aacute;c</strong></p>\r\n\r\n<p><strong><img alt=\"\" src=\"https://hanoicomputercdn.com/media/lib/08-01-2022/tai-nghe-razer-kaira-for-xbox-rz04-03480100-r3m1-6.png\" style=\"height:107px; width:1000px\" /></strong></p>\r\n\r\n<p><strong>N&uacute;t chỉnh EQ:</strong>&nbsp;Nằm tr&ecirc;n chụp tai b&ecirc;n phải, nhấn giữ n&uacute;t để gh&eacute;p nối tai nghe của bạn một c&aacute;ch dễ d&agrave;ng v&agrave; nhấn hai lần để chuyển qua 4 c&agrave;i đặt EQ &mdash; chẳng hạn như Chế độ FPS gi&uacute;p tăng cường &acirc;m thanh trong tr&ograve; chơi như tiếng bước ch&acirc;n của kẻ th&ugrave; v&agrave; Chế độ &acirc;m trầm để khuếch đại &acirc;m thanh tần số thấp.</p>\r\n\r\n<p><strong>Kết nối Wireless:</strong>&nbsp;Razer Kaira c&oacute; kết nối kh&ocirc;ng d&acirc;y với độ trễ cực thấp, gi&uacute;p cho bạn c&oacute; thể chơi game một c&aacute;ch thoải m&aacute;i nhất</p>\r\n\r\n<p><strong>Windows Sonic:</strong>&nbsp;Trải nghiệm &acirc;m thanh v&ograve;m dễ d&agrave;ng với t&iacute;nh năng được t&iacute;ch hợp tr&ecirc;n Xbox</p>\r\n\r\n<p><strong>App tinh chỉnh:</strong>&nbsp;Được hỗ trợ bởi ứng dụng Razer &trade; Headset Setup cho Xbox, gi&uacute;p bạn c&oacute; thể t&ugrave;y chọn t&ugrave;y chỉnh &acirc;m thanh s&acirc;u hơn như c&agrave;i đặt trước EQ c&aacute; nh&acirc;n, gi&aacute;m s&aacute;t micr&ocirc;, v.v.</p>\r\n', 2899000, 10, 1, 11),
(5, 'Tai nghe Logitech G435 White', 'TN02', '1683283780_TN02.jpg', '<ul>\r\n	<li>Tai nghe Logitech G435 LightSpeed Wireless</li>\r\n	<li>Chuẩn kết nối: Lightspeed Wireless / Bluetooth</li>\r\n	<li>Thời lượng pin l&ecirc;n đến 18h sử dụng</li>\r\n	<li>K&iacute;ch thước m&agrave;ng loa: 40mm</li>\r\n	<li>Trọng lượng si&ecirc;u nhẹ 165g</li>\r\n</ul>\r\n', '<h3><strong>Đ&aacute;nh gi&aacute; Tai nghe Logitech G435 LightSpeed Wireless White</strong></h3>\r\n\r\n<hr />\r\n<h3><strong>Lightspeed kh&ocirc;ng d&acirc;y</strong></h3>\r\n\r\n<p>LIGHTSPEED l&agrave; c&ocirc;ng nghệ kh&ocirc;ng d&acirc;y d&agrave;nh cho chơi game, cho ph&eacute;p bạn chơi với &acirc;m thanh c&oacute; độ nhạy v&agrave; hiệu suất cao, kết nối mạnh mẽ v&agrave; thời lượng pin d&agrave;i. Tất cả với phạm vi l&ecirc;n tới 10 m.<br />\r\nBạn c&oacute; thể sử dụng LIGHTSPEED tr&ecirc;n PC, Mac, PlayStation<sup>&reg;</sup>&nbsp;4 v&agrave; PlayStation 5</p>\r\n\r\n<p><img alt=\"\" src=\"https://hanoicomputercdn.com/media/lib/10-08-2022/tai-nghe-logitech-g435-lightspeed-wireless-white-3.jpg\" style=\"height:480px; width:1000px\" /></p>\r\n\r\n<h3><img alt=\"\" src=\"Lightspeed không dây LIGHTSPEED là công nghệ không dây dành cho chơi game, cho phép bạn chơi với âm thanh có độ nhạy và hiệu suất cao, kết nối mạnh mẽ và thời lượng pin dài. Tất cả với phạm vi lên tới 10 m.  Bạn có thể sử dụng LIGHTSPEED trên PC, Mac, PlayStation® 4 và PlayStation 5\" /><strong>Kết nối Bluetooth</strong></h3>\r\n\r\n<p>Ngo&agrave;i Lightspeed, bạn cũng c&oacute; thể kết nối G435 bằng chế độ Bluetooth, dễ d&agrave;ng sử dụng với c&aacute;c thiết bị di động</p>\r\n\r\n<p><img alt=\"\" src=\"https://hanoicomputercdn.com/media/lib/10-08-2022/tai-nghe-logitech-g435-lightspeed-wireless-white-4.jpg\" style=\"height:525px; width:1000px\" /></p>\r\n\r\n<h3><strong>Thời lượng pin cao</strong></h3>\r\n\r\n<p>Cho d&ugrave; bạn muốn chơi game hay nghe nhạc, bạn sẽ c&oacute; thể tận hưởng trải nghiệm kh&ocirc;ng d&acirc;y trong 18 giờ trong một lần sạc đầy.</p>\r\n\r\n<p><img alt=\"\" src=\"https://hanoicomputercdn.com/media/lib/10-08-2022/tai-nghe-logitech-g435-lightspeed-wireless-white-2.png\" style=\"height:693px; width:1000px\" /></p>\r\n\r\n<h3><strong>Trọng lượng nhẹ</strong></h3>\r\n\r\n<p>Với trọng lượng chỉ 165 gram, G435 đủ nhẹ v&agrave; thoải m&aacute;i để đeo suốt cả ng&agrave;y.</p>\r\n\r\n<p><img alt=\"\" src=\"https://hanoicomputercdn.com/media/lib/10-08-2022/tai-nghe-logitech-g435-lightspeed-wireless-white-5.png\" style=\"height:480px; width:1000px\" /></p>\r\n\r\n<h3><strong>K&iacute;ch thước tối ưu</strong></h3>\r\n\r\n<p>Logitech G435 c&oacute; thiết kế k&iacute;ch thước tối ưu vừa với nhiều form từ người lớn đến trẻ nhỏ</p>\r\n\r\n<p><img alt=\"\" src=\"https://hanoicomputercdn.com/media/lib/10-08-2022/tai-nghe-logitech-g435-lightspeed-wireless-white-7.png\" style=\"height:508px; width:1000px\" /></p>\r\n\r\n<p><strong>Cao su non t&aacute;ch tiếng ồn</strong></p>\r\n\r\n<p>Đệm tai của Logitech G435 được bọc bởi 1 lớp vải tho&aacute;ng kh&iacute;, giữ cho tai của bạn kh&ocirc;ng bị b&iacute; v&agrave; n&oacute;ng khi đeo thời gian d&agrave;i. Phần đệm bằng cao su non kh&ocirc;ng chỉ thoải m&aacute;i m&agrave; c&ograve;n gi&uacute;p hấp thụ s&oacute;ng &acirc;m gi&uacute;p cải thiện &acirc;m thanh v&agrave; hạn chế tiếng ồn</p>\r\n\r\n<p><strong>Cần mic ảo</strong></p>\r\n\r\n<p>G435 loại bỏ cần mic v&agrave; giảm tạp &acirc;m, đảm bảo chất lượng tr&ograve; chuyện lu&ocirc;n ở mức tốt nhất</p>\r\n\r\n<p><strong>Chất lượng &acirc;m thanh vượt trội</strong></p>\r\n\r\n<p>G435 mang lại chất lượng &acirc;m thanh trung thực, được chứng nhận bởi Discord. G435 được trang bị m&agrave;ng loa 40mm v&agrave; tương th&iacute;ch với Dolby Atmos, Tempest 3D Audiotech v&agrave; Windows Sonic</p>\r\n', 1999000, 21, 1, 20),
(5, 'Tai nghe không dây Gaming Corsair Virtuoso RGB Carbon', 'TN03', '1683283818_TN03.jpg', '<ul>\r\n	<li>Đ&aacute;p ứng tần số tai nghe: 20Hz - 40 kHz</li>\r\n	<li>Tuổi thọ pin của tai nghe: L&ecirc;n đến 20 giờ</li>\r\n	<li>Độ nhạy của tai nghe: 109dB (+/- 3dB)</li>\r\n	<li>Phạm vi tai nghe kh&ocirc;ng d&acirc;y: L&ecirc;n đến 60ft</li>\r\n	<li>Trở kh&aacute;ng: 32 Ohms @ 2,5 kHz</li>\r\n	<li>Loại tai nghe: Kh&ocirc;ng d&acirc;y</li>\r\n	<li>Đầu nối tai nghe: Bộ thu kh&ocirc;ng d&acirc;y USB</li>\r\n	<li>Tr&igrave;nh điều khiển tai nghe: 50mm</li>\r\n</ul>\r\n', '<h3><strong>Đ&aacute;nh gi&aacute; Tai nghe kh&ocirc;ng d&acirc;y Gaming Corsair Virtuoso RGB Carbon</strong></h3>\r\n\r\n<hr />\r\n<h3><strong>Chất lượng &acirc;m thanh vượt trội</strong></h3>\r\n\r\n<p>Từ bước ch&acirc;n nhẹ nhất đến &acirc;m trầm s&acirc;u nhất, bạn sẽ nghe được nhiều thứ hơn với VIRTUOSO RGB Wireless. Driver neodymium mật với đường k&iacute;nh 50mm được điều chỉnh ch&iacute;nh x&aacute;c c&oacute; dải tần từ 20Hz-40.000Hz - gấp đ&ocirc;i những g&igrave; bạn nhận được từ hầu hết c&aacute;c tai nghe chơi game.</p>\r\n\r\n<p><img alt=\"\" src=\"https://hanoicomputercdn.com/media/lib/12-07-2022/tai-nghe-khong-day-corsair-virtuoso-rgb-4.jpg\" style=\"height:493px; width:1000px\" /></p>\r\n\r\n<h3><strong>Sự thoải m&aacute;i cao cấp</strong></h3>\r\n\r\n<p>Miếng đệm tai bằng Memory Foam cao cấp ph&ugrave; hợp với h&igrave;nh dạng của đầu bạn, c&ugrave;ng với băng đ&ocirc; nhẹ, mang đến sự thoải m&aacute;i mềm như gối, bền l&acirc;u, cho ph&eacute;p bạn chơi trong nhiều giờ li&ecirc;n tục.</p>\r\n\r\n<p><img alt=\"\" src=\"https://hanoicomputercdn.com/media/lib/12-07-2022/tai-nghe-khong-day-corsair-virtuoso-rgb-5.jpg\" style=\"height:493px; width:1000px\" /></p>\r\n\r\n<h3><strong>Thiết kế cao cấp</strong></h3>\r\n\r\n<p>Kết cấu nh&ocirc;m được gia c&ocirc;ng c&oacute; nghĩa l&agrave; VIRTUOSO RGB Wireless mang đến sự kết hợp ho&agrave;n hảo giữa thiết kế nhẹ, độ bền chắc v&agrave; sự thoải m&aacute;i tối đa.</p>\r\n\r\n<p><img alt=\"\" src=\"https://hanoicomputercdn.com/media/lib/12-07-2022/tai-nghe-khong-day-corsair-virtuoso-rgb-6.jpg\" style=\"height:494px; width:1000px\" /></p>\r\n\r\n<h3><strong>Kết nối đa dạng</strong></h3>\r\n\r\n<p>VIRTUOSO RGB Wireless c&oacute; thể kết nối với hầu hết mọi thứ, d&ugrave; bạn chọn thiết bị g&igrave;</p>\r\n\r\n<p><img alt=\"\" src=\"https://hanoicomputercdn.com/media/lib/12-07-2022/tai-nghe-khong-day-corsair-virtuoso-rgb-7.jpg\" style=\"height:386px; width:1000px\" /></p>\r\n\r\n<p><strong>Slipstream Wireless</strong></p>\r\n\r\n<p>Kết nối Wireless si&ecirc;u nhanh với khoảng c&aacute;ch l&ecirc;n đến gần 20m, sử dụng c&ocirc;ng nghệ Intelligent Frequency Shift (IFS) để đảm bảo t&iacute;n hiệu kết nối mạnh nhất</p>\r\n\r\n<p><strong>D&acirc;y Usb</strong></p>\r\n\r\n<p>Chất lượng &acirc;m thanh trung thực 24bit/96kHz cho trải nghiệm nghe cực kỳ cao cấp</p>\r\n\r\n<p><strong>D&acirc;y 3.5mm</strong></p>\r\n\r\n<p>Kết nối phổ biến hiện nay, từ những chiếc DAC, m&aacute;y nghe nhạc, cho đến c&aacute;c thiết bị di động, m&aacute;y chơi game Console</p>\r\n\r\n<h3><strong>Micro th&aacute;o rời</strong></h3>\r\n\r\n<p>Băng th&ocirc;ng cao của micro, kết hợp với kết nối si&ecirc;u nhanh của SLIPSTREAM CORSAIR WIRELESS Technology, tăng đ&aacute;ng kể đ&aacute;p ứng tần số l&ecirc;n gần gấp đ&ocirc;i so với tai nghe chơi game kh&ocirc;ng d&acirc;y th&ocirc;ng thường.&nbsp;Điều đ&oacute; c&oacute; nghĩa l&agrave; giọng n&oacute;i của bạn nghe r&otilde; hơn, ch&iacute;nh x&aacute;c hơn v&agrave; tự nhi&ecirc;n hơn khi giao tiếp với bạn b&egrave; v&agrave; đồng đội của bạn.</p>\r\n\r\n<h3><strong>C&aacute;c t&iacute;nh năng mở rộng</strong></h3>\r\n\r\n<p><strong>Smart Sleep and Wake</strong></p>\r\n\r\n<p>Gia tốc kế b&ecirc;n trong tự động tắt tai nghe của bạn khi bạn đặt n&oacute; xuống v&agrave; bật nguồn trở lại khi bạn đeo lại.</p>\r\n\r\n<p><strong>&Acirc;m thanh v&ograve;m 7.1</strong></p>\r\n\r\n<p>Bật &acirc;m thanh v&ograve;m 7.1 sống động để đưa bạn v&agrave;o giữa cuộc chơi.</p>\r\n\r\n<p><strong>Thời lượng pin</strong></p>\r\n\r\n<p>Chơi game ở chế độ kh&ocirc;ng d&acirc;y trong tối đa 20 giờ c&ugrave;ng một l&uacute;c nhờ pin lithium-ion dung lượng cao t&ugrave;y chỉnh v&agrave; tiếp tục nghe trong khi sạc ở chế độ USB.</p>\r\n\r\n<p><strong>Led RGB</strong></p>\r\n\r\n<p>Hệ thống &aacute;nh s&aacute;ng RGB động tr&ecirc;n mỗi củ tai cho ph&eacute;p t&ugrave;y chọn m&agrave;u sắc v&agrave; t&ugrave;y chỉnh hầu như kh&ocirc;ng giới hạn để ph&ugrave; hợp với mọi phong c&aacute;ch.</p>\r\n\r\n<h3><strong>Chứng nhận từ Discord</strong></h3>\r\n\r\n<p>Tự tin giao tiếp với h&agrave;ng triệu người d&ugrave;ng trong cộng đồng Discord, biết rằng tr&igrave;nh điều khiển &acirc;m thanh v&agrave; micr&ocirc; của bạn đ&atilde; được kiểm tra v&agrave; đ&aacute;nh gi&aacute; về khả năng giao tiếp trong trẻo v&agrave; &acirc;m thanh vượt trội</p>\r\n\r\n<p><img alt=\"\" src=\"https://hanoicomputercdn.com/media/lib/12-07-2022/tai-nghe-khong-day-corsair-virtuoso-rgb-8.jpg\" style=\"height:541px; width:1000px\" /></p>\r\n\r\n<hr />\r\n<p>&nbsp;</p>\r\n', 5359000, 10, 1, 11);

-- --------------------------------------------------------

--
-- Cấu trúc bảng cho bảng `tbl_shopping`
--

CREATE TABLE `tbl_shopping` (
  `id` int(11) NOT NULL,
  `ma_dh` int(11) NOT NULL,
  `username` varchar(50) NOT NULL,
  `ten_shopping` varchar(30) NOT NULL,
  `sdt_shopping` varchar(15) NOT NULL,
  `dc_shopping` varchar(70) NOT NULL,
  `note` varchar(100) NOT NULL
) ENGINE=InnoDB DEFAULT CHARSET=utf8;

--
-- Đang đổ dữ liệu cho bảng `tbl_shopping`
--

INSERT INTO `tbl_shopping` (`id`, `ma_dh`, `username`, `ten_shopping`, `sdt_shopping`, `dc_shopping`, `note`) VALUES
(34, 900, 'hiep', 'Hiệp Nguyễn 3', '1', '1', ''),
(35, 9566, 'hiep', 'Hiệp Nguyễn 3', '1', '1', ''),
(36, 6757, 'hiep', 'Hiệp Nguyễn 3', '1', '1', ''),
(37, 3416, 'hiep', 'Hiệp Nguyễn 3', '1', '1', ''),
(38, 9477, 'hiep', 'Hiệp Nguyễn 3', '1', '1', ''),
(39, 7255, 'hiep', 'Hiệp Nguyễn 5', '1', '1', ''),
(40, 4600, 'hiep', 'Hiệp Nguyễn 5', '1', '1', ''),
(41, 6284, 'hiep', 'Hiệp Nguyễn 5', '1', '1', ''),
(42, 9485, '1@1.1', '<br /><b>Notice</b>:  Trying t', '<br /><b>Notice', '<br /><b>Notice</b>:  Trying to access array offset on value of type n', ''),
(43, 5054, '1@1.1', '<br /><b>Notice</b>:  Trying t', '<br /><b>Notice', '<br /><b>Notice</b>:  Trying to access array offset on value of type n', '');

--
-- Chỉ mục cho các bảng đã đổ
--

--
-- Chỉ mục cho bảng `tbl_admin`
--
ALTER TABLE `tbl_admin`
  ADD PRIMARY KEY (`username`);

--
-- Chỉ mục cho bảng `tbl_binhluan`
--
ALTER TABLE `tbl_binhluan`
  ADD PRIMARY KEY (`id`);

--
-- Chỉ mục cho bảng `tbl_dangky`
--
ALTER TABLE `tbl_dangky`
  ADD PRIMARY KEY (`username`);

--
-- Chỉ mục cho bảng `tbl_danhmuc`
--
ALTER TABLE `tbl_danhmuc`
  ADD PRIMARY KEY (`id_danhmuc`);

--
-- Chỉ mục cho bảng `tbl_donhang`
--
ALTER TABLE `tbl_donhang`
  ADD PRIMARY KEY (`id_dh`);

--
-- Chỉ mục cho bảng `tbl_giohang`
--
ALTER TABLE `tbl_giohang`
  ADD PRIMARY KEY (`id_cart`);

--
-- Chỉ mục cho bảng `tbl_sanpham`
--
ALTER TABLE `tbl_sanpham`
  ADD PRIMARY KEY (`ma_sanpham`);

--
-- Chỉ mục cho bảng `tbl_shopping`
--
ALTER TABLE `tbl_shopping`
  ADD PRIMARY KEY (`id`);

--
-- AUTO_INCREMENT cho các bảng đã đổ
--

--
-- AUTO_INCREMENT cho bảng `tbl_binhluan`
--
ALTER TABLE `tbl_binhluan`
  MODIFY `id` int(11) NOT NULL AUTO_INCREMENT, AUTO_INCREMENT=9;

--
-- AUTO_INCREMENT cho bảng `tbl_danhmuc`
--
ALTER TABLE `tbl_danhmuc`
  MODIFY `id_danhmuc` int(11) NOT NULL AUTO_INCREMENT, AUTO_INCREMENT=49;

--
-- AUTO_INCREMENT cho bảng `tbl_donhang`
--
ALTER TABLE `tbl_donhang`
  MODIFY `id_dh` int(11) NOT NULL AUTO_INCREMENT, AUTO_INCREMENT=231;

--
-- AUTO_INCREMENT cho bảng `tbl_giohang`
--
ALTER TABLE `tbl_giohang`
  MODIFY `id_cart` int(11) NOT NULL AUTO_INCREMENT, AUTO_INCREMENT=214;

--
-- AUTO_INCREMENT cho bảng `tbl_shopping`
--
ALTER TABLE `tbl_shopping`
  MODIFY `id` int(11) NOT NULL AUTO_INCREMENT, AUTO_INCREMENT=44;
COMMIT;

/*!40101 SET CHARACTER_SET_CLIENT=@OLD_CHARACTER_SET_CLIENT */;
/*!40101 SET CHARACTER_SET_RESULTS=@OLD_CHARACTER_SET_RESULTS */;
/*!40101 SET COLLATION_CONNECTION=@OLD_COLLATION_CONNECTION */;
